,Charge,Charge model,Method,Weight,Delta,Element,Grid,Atom number,smirks,Conformer,Orientation
0,0.1321620406420015,RESP2,hf/6-31g*,1.0,0.0,C,hf,1,[H:3][C:1]#[N:2],,
1,-0.36544436583286993,RESP2,hf/6-31g*,1.0,0.0,N,hf,2,[H:3][C:1]#[N:2],,
2,0.23328232519086847,RESP2,hf/6-31g*,1.0,0.0,H,hf,3,[H:3][C:1]#[N:2],,
0,0.13671154966476196,RESP2,hf/6-31g*,1.0,0.05,C,hf,1,[H:3][C:1]#[N:2],,
1,-0.37123265692521756,RESP2,hf/6-31g*,1.0,0.05,N,hf,2,[H:3][C:1]#[N:2],,
2,0.2345211072604556,RESP2,hf/6-31g*,1.0,0.05,H,hf,3,[H:3][C:1]#[N:2],,
0,0.14126105868752242,RESP2,hf/6-31g*,1.0,0.1,C,hf,1,[H:3][C:1]#[N:2],,
1,-0.37702094801756525,RESP2,hf/6-31g*,1.0,0.1,N,hf,2,[H:3][C:1]#[N:2],,
2,0.23575988933004283,RESP2,hf/6-31g*,1.0,0.1,H,hf,3,[H:3][C:1]#[N:2],,
0,0.1458105677102829,RESP2,hf/6-31g*,1.0,0.15000000000000002,C,hf,1,[H:3][C:1]#[N:2],,
1,-0.3828092391099128,RESP2,hf/6-31g*,1.0,0.15000000000000002,N,hf,2,[H:3][C:1]#[N:2],,
2,0.23699867139962996,RESP2,hf/6-31g*,1.0,0.15000000000000002,H,hf,3,[H:3][C:1]#[N:2],,
0,0.15036007673304336,RESP2,hf/6-31g*,1.0,0.2,C,hf,1,[H:3][C:1]#[N:2],,
1,-0.3885975302022605,RESP2,hf/6-31g*,1.0,0.2,N,hf,2,[H:3][C:1]#[N:2],,
2,0.23823745346921715,RESP2,hf/6-31g*,1.0,0.2,H,hf,3,[H:3][C:1]#[N:2],,
0,0.15490958575580385,RESP2,hf/6-31g*,1.0,0.25,C,hf,1,[H:3][C:1]#[N:2],,
1,-0.39438582129460814,RESP2,hf/6-31g*,1.0,0.25,N,hf,2,[H:3][C:1]#[N:2],,
2,0.23947623553880432,RESP2,hf/6-31g*,1.0,0.25,H,hf,3,[H:3][C:1]#[N:2],,
0,0.1594590947785643,RESP2,hf/6-31g*,1.0,0.30000000000000004,C,hf,1,[H:3][C:1]#[N:2],,
1,-0.40017411238695577,RESP2,hf/6-31g*,1.0,0.30000000000000004,N,hf,2,[H:3][C:1]#[N:2],,
2,0.24071501760839148,RESP2,hf/6-31g*,1.0,0.30000000000000004,H,hf,3,[H:3][C:1]#[N:2],,
0,0.16400860380132476,RESP2,hf/6-31g*,1.0,0.35000000000000003,C,hf,1,[H:3][C:1]#[N:2],,
1,-0.40596240347930335,RESP2,hf/6-31g*,1.0,0.35000000000000003,N,hf,2,[H:3][C:1]#[N:2],,
2,0.24195379967797861,RESP2,hf/6-31g*,1.0,0.35000000000000003,H,hf,3,[H:3][C:1]#[N:2],,
0,0.16855811282408525,RESP2,hf/6-31g*,1.0,0.4,C,hf,1,[H:3][C:1]#[N:2],,
1,-0.4117506945716511,RESP2,hf/6-31g*,1.0,0.4,N,hf,2,[H:3][C:1]#[N:2],,
2,0.24319258174756583,RESP2,hf/6-31g*,1.0,0.4,H,hf,3,[H:3][C:1]#[N:2],,
0,0.17310762184684575,RESP2,hf/6-31g*,1.0,0.45,C,hf,1,[H:3][C:1]#[N:2],,
1,-0.4175389856639987,RESP2,hf/6-31g*,1.0,0.45,N,hf,2,[H:3][C:1]#[N:2],,
2,0.244431363817153,RESP2,hf/6-31g*,1.0,0.45,H,hf,3,[H:3][C:1]#[N:2],,
0,0.1776571308696062,RESP2,hf/6-31g*,1.0,0.5,C,hf,1,[H:3][C:1]#[N:2],,
1,-0.42332727675634635,RESP2,hf/6-31g*,1.0,0.5,N,hf,2,[H:3][C:1]#[N:2],,
2,0.24567014588674016,RESP2,hf/6-31g*,1.0,0.5,H,hf,3,[H:3][C:1]#[N:2],,
0,0.18220663989236668,RESP2,hf/6-31g*,1.0,0.55,C,hf,1,[H:3][C:1]#[N:2],,
1,-0.429115567848694,RESP2,hf/6-31g*,1.0,0.55,N,hf,2,[H:3][C:1]#[N:2],,
2,0.24690892795632732,RESP2,hf/6-31g*,1.0,0.55,H,hf,3,[H:3][C:1]#[N:2],,
0,0.18675614891512712,RESP2,hf/6-31g*,1.0,0.6000000000000001,C,hf,1,[H:3][C:1]#[N:2],,
1,-0.4349038589410416,RESP2,hf/6-31g*,1.0,0.6000000000000001,N,hf,2,[H:3][C:1]#[N:2],,
2,0.24814771002591446,RESP2,hf/6-31g*,1.0,0.6000000000000001,H,hf,3,[H:3][C:1]#[N:2],,
0,0.19130565793788762,RESP2,hf/6-31g*,1.0,0.65,C,hf,1,[H:3][C:1]#[N:2],,
1,-0.44069215003338924,RESP2,hf/6-31g*,1.0,0.65,N,hf,2,[H:3][C:1]#[N:2],,
2,0.24938649209550165,RESP2,hf/6-31g*,1.0,0.65,H,hf,3,[H:3][C:1]#[N:2],,
0,0.19585516696064806,RESP2,hf/6-31g*,1.0,0.7000000000000001,C,hf,1,[H:3][C:1]#[N:2],,
1,-0.44648044112573687,RESP2,hf/6-31g*,1.0,0.7000000000000001,N,hf,2,[H:3][C:1]#[N:2],,
2,0.25062527416508884,RESP2,hf/6-31g*,1.0,0.7000000000000001,H,hf,3,[H:3][C:1]#[N:2],,
0,0.20040467598340855,RESP2,hf/6-31g*,1.0,0.75,C,hf,1,[H:3][C:1]#[N:2],,
1,-0.4522687322180845,RESP2,hf/6-31g*,1.0,0.75,N,hf,2,[H:3][C:1]#[N:2],,
2,0.25186405623467595,RESP2,hf/6-31g*,1.0,0.75,H,hf,3,[H:3][C:1]#[N:2],,
0,0.20495418500616902,RESP2,hf/6-31g*,1.0,0.8,C,hf,1,[H:3][C:1]#[N:2],,
1,-0.4580570233104322,RESP2,hf/6-31g*,1.0,0.8,N,hf,2,[H:3][C:1]#[N:2],,
2,0.2531028383042631,RESP2,hf/6-31g*,1.0,0.8,H,hf,3,[H:3][C:1]#[N:2],,
0,0.20950369402892952,RESP2,hf/6-31g*,1.0,0.8500000000000001,C,hf,1,[H:3][C:1]#[N:2],,
1,-0.4638453144027798,RESP2,hf/6-31g*,1.0,0.8500000000000001,N,hf,2,[H:3][C:1]#[N:2],,
2,0.2543416203738503,RESP2,hf/6-31g*,1.0,0.8500000000000001,H,hf,3,[H:3][C:1]#[N:2],,
0,0.21405320305168996,RESP2,hf/6-31g*,1.0,0.9,C,hf,1,[H:3][C:1]#[N:2],,
1,-0.46963360549512745,RESP2,hf/6-31g*,1.0,0.9,N,hf,2,[H:3][C:1]#[N:2],,
2,0.2555804024434375,RESP2,hf/6-31g*,1.0,0.9,H,hf,3,[H:3][C:1]#[N:2],,
0,0.21860271207445045,RESP2,hf/6-31g*,1.0,0.9500000000000001,C,hf,1,[H:3][C:1]#[N:2],,
1,-0.4754218965874751,RESP2,hf/6-31g*,1.0,0.9500000000000001,N,hf,2,[H:3][C:1]#[N:2],,
2,0.2568191845130246,RESP2,hf/6-31g*,1.0,0.9500000000000001,H,hf,3,[H:3][C:1]#[N:2],,
0,0.22315222109721092,RESP2,hf/6-31g*,1.0,1.0,C,hf,1,[H:3][C:1]#[N:2],,
1,-0.4812101876798227,RESP2,hf/6-31g*,1.0,1.0,N,hf,2,[H:3][C:1]#[N:2],,
2,0.2580579665826118,RESP2,hf/6-31g*,1.0,1.0,H,hf,3,[H:3][C:1]#[N:2],,
0,0.13216204064198944,RESP2,hf/6-31g*,,0.0,C,hf,1,[H:3][C:1]#[N:2],,
1,-0.36544436583286544,RESP2,hf/6-31g*,,0.0,N,hf,2,[H:3][C:1]#[N:2],,
2,0.233282325190876,RESP2,hf/6-31g*,,0.0,H,hf,3,[H:3][C:1]#[N:2],,
0,0.13671154966475027,RESP2,hf/6-31g*,,0.05,C,hf,1,[H:3][C:1]#[N:2],,
1,-0.3712326569252136,RESP2,hf/6-31g*,,0.05,N,hf,2,[H:3][C:1]#[N:2],,
2,0.23452110726046338,RESP2,hf/6-31g*,,0.05,H,hf,3,[H:3][C:1]#[N:2],,
0,0.14126105868751107,RESP2,hf/6-31g*,,0.1,C,hf,1,[H:3][C:1]#[N:2],,
1,-0.37702094801756186,RESP2,hf/6-31g*,,0.1,N,hf,2,[H:3][C:1]#[N:2],,
2,0.2357598893300508,RESP2,hf/6-31g*,,0.1,H,hf,3,[H:3][C:1]#[N:2],,
0,0.14581056771027193,RESP2,hf/6-31g*,,0.15000000000000002,C,hf,1,[H:3][C:1]#[N:2],,
1,-0.38280923910991016,RESP2,hf/6-31g*,,0.15000000000000002,N,hf,2,[H:3][C:1]#[N:2],,
2,0.2369986713996382,RESP2,hf/6-31g*,,0.15000000000000002,H,hf,3,[H:3][C:1]#[N:2],,
0,0.15036007673303273,RESP2,hf/6-31g*,,0.2,C,hf,1,[H:3][C:1]#[N:2],,
1,-0.3885975302022583,RESP2,hf/6-31g*,,0.2,N,hf,2,[H:3][C:1]#[N:2],,
2,0.2382374534692256,RESP2,hf/6-31g*,,0.2,H,hf,3,[H:3][C:1]#[N:2],,
0,0.15490958575579358,RESP2,hf/6-31g*,,0.25,C,hf,1,[H:3][C:1]#[N:2],,
1,-0.3943858212946066,RESP2,hf/6-31g*,,0.25,N,hf,2,[H:3][C:1]#[N:2],,
2,0.239476235538813,RESP2,hf/6-31g*,,0.25,H,hf,3,[H:3][C:1]#[N:2],,
0,0.1594590947785544,RESP2,hf/6-31g*,,0.30000000000000004,C,hf,1,[H:3][C:1]#[N:2],,
1,-0.40017411238695483,RESP2,hf/6-31g*,,0.30000000000000004,N,hf,2,[H:3][C:1]#[N:2],,
2,0.24071501760840042,RESP2,hf/6-31g*,,0.30000000000000004,H,hf,3,[H:3][C:1]#[N:2],,
0,0.16400860380131524,RESP2,hf/6-31g*,,0.35000000000000003,C,hf,1,[H:3][C:1]#[N:2],,
1,-0.405962403479303,RESP2,hf/6-31g*,,0.35000000000000003,N,hf,2,[H:3][C:1]#[N:2],,
2,0.24195379967798777,RESP2,hf/6-31g*,,0.35000000000000003,H,hf,3,[H:3][C:1]#[N:2],,
0,0.16855811282407604,RESP2,hf/6-31g*,,0.4,C,hf,1,[H:3][C:1]#[N:2],,
1,-0.41175069457165125,RESP2,hf/6-31g*,,0.4,N,hf,2,[H:3][C:1]#[N:2],,
2,0.2431925817475752,RESP2,hf/6-31g*,,0.4,H,hf,3,[H:3][C:1]#[N:2],,
0,0.17310762184683687,RESP2,hf/6-31g*,,0.45,C,hf,1,[H:3][C:1]#[N:2],,
1,-0.4175389856639995,RESP2,hf/6-31g*,,0.45,N,hf,2,[H:3][C:1]#[N:2],,
2,0.24443136381716263,RESP2,hf/6-31g*,,0.45,H,hf,3,[H:3][C:1]#[N:2],,
0,0.1776571308695977,RESP2,hf/6-31g*,,0.5,C,hf,1,[H:3][C:1]#[N:2],,
1,-0.42332727675634774,RESP2,hf/6-31g*,,0.5,N,hf,2,[H:3][C:1]#[N:2],,
2,0.24567014588675004,RESP2,hf/6-31g*,,0.5,H,hf,3,[H:3][C:1]#[N:2],,
0,0.18220663989235852,RESP2,hf/6-31g*,,0.55,C,hf,1,[H:3][C:1]#[N:2],,
1,-0.429115567848696,RESP2,hf/6-31g*,,0.55,N,hf,2,[H:3][C:1]#[N:2],,
2,0.24690892795633745,RESP2,hf/6-31g*,,0.55,H,hf,3,[H:3][C:1]#[N:2],,
0,0.18675614891511935,RESP2,hf/6-31g*,,0.6000000000000001,C,hf,1,[H:3][C:1]#[N:2],,
1,-0.43490385894104416,RESP2,hf/6-31g*,,0.6000000000000001,N,hf,2,[H:3][C:1]#[N:2],,
2,0.2481477100259248,RESP2,hf/6-31g*,,0.6000000000000001,H,hf,3,[H:3][C:1]#[N:2],,
0,0.19130565793788018,RESP2,hf/6-31g*,,0.65,C,hf,1,[H:3][C:1]#[N:2],,
1,-0.4406921500333924,RESP2,hf/6-31g*,,0.65,N,hf,2,[H:3][C:1]#[N:2],,
2,0.24938649209551222,RESP2,hf/6-31g*,,0.65,H,hf,3,[H:3][C:1]#[N:2],,
0,0.195855166960641,RESP2,hf/6-31g*,,0.7000000000000001,C,hf,1,[H:3][C:1]#[N:2],,
1,-0.44648044112574065,RESP2,hf/6-31g*,,0.7000000000000001,N,hf,2,[H:3][C:1]#[N:2],,
2,0.2506252741650996,RESP2,hf/6-31g*,,0.7000000000000001,H,hf,3,[H:3][C:1]#[N:2],,
0,0.20040467598340184,RESP2,hf/6-31g*,,0.75,C,hf,1,[H:3][C:1]#[N:2],,
1,-0.4522687322180889,RESP2,hf/6-31g*,,0.75,N,hf,2,[H:3][C:1]#[N:2],,
2,0.25186405623468705,RESP2,hf/6-31g*,,0.75,H,hf,3,[H:3][C:1]#[N:2],,
0,0.2049541850061627,RESP2,hf/6-31g*,,0.8,C,hf,1,[H:3][C:1]#[N:2],,
1,-0.45805702331043713,RESP2,hf/6-31g*,,0.8,N,hf,2,[H:3][C:1]#[N:2],,
2,0.25310283830427444,RESP2,hf/6-31g*,,0.8,H,hf,3,[H:3][C:1]#[N:2],,
0,0.2095036940289235,RESP2,hf/6-31g*,,0.8500000000000001,C,hf,1,[H:3][C:1]#[N:2],,
1,-0.46384531440278537,RESP2,hf/6-31g*,,0.8500000000000001,N,hf,2,[H:3][C:1]#[N:2],,
2,0.2543416203738618,RESP2,hf/6-31g*,,0.8500000000000001,H,hf,3,[H:3][C:1]#[N:2],,
0,0.2140532030516843,RESP2,hf/6-31g*,,0.9,C,hf,1,[H:3][C:1]#[N:2],,
1,-0.46963360549513355,RESP2,hf/6-31g*,,0.9,N,hf,2,[H:3][C:1]#[N:2],,
2,0.25558040244344926,RESP2,hf/6-31g*,,0.9,H,hf,3,[H:3][C:1]#[N:2],,
0,0.21860271207444518,RESP2,hf/6-31g*,,0.9500000000000001,C,hf,1,[H:3][C:1]#[N:2],,
1,-0.4754218965874818,RESP2,hf/6-31g*,,0.9500000000000001,N,hf,2,[H:3][C:1]#[N:2],,
2,0.25681918451303665,RESP2,hf/6-31g*,,0.9500000000000001,H,hf,3,[H:3][C:1]#[N:2],,
0,0.22315222109720598,RESP2,hf/6-31g*,,1.0,C,hf,1,[H:3][C:1]#[N:2],,
1,-0.48121018767983004,RESP2,hf/6-31g*,,1.0,N,hf,2,[H:3][C:1]#[N:2],,
2,0.25805796658262403,RESP2,hf/6-31g*,,1.0,H,hf,3,[H:3][C:1]#[N:2],,
0,0.128509996135467,RESP2,hf/6-31g*,1.0,0.0,C,resp2,1,[H:3][C:1]#[N:2],,
1,-0.3649143139682516,RESP2,hf/6-31g*,1.0,0.0,N,resp2,2,[H:3][C:1]#[N:2],,
2,0.2364043178327846,RESP2,hf/6-31g*,1.0,0.0,H,resp2,3,[H:3][C:1]#[N:2],,
0,0.1330361982046649,RESP2,hf/6-31g*,1.0,0.05,C,resp2,1,[H:3][C:1]#[N:2],,
1,-0.37070634355732174,RESP2,hf/6-31g*,1.0,0.05,N,resp2,2,[H:3][C:1]#[N:2],,
2,0.23767014535265685,RESP2,hf/6-31g*,1.0,0.05,H,resp2,3,[H:3][C:1]#[N:2],,
0,0.13756240027386282,RESP2,hf/6-31g*,1.0,0.1,C,resp2,1,[H:3][C:1]#[N:2],,
1,-0.37649837314639195,RESP2,hf/6-31g*,1.0,0.1,N,resp2,2,[H:3][C:1]#[N:2],,
2,0.23893597287252913,RESP2,hf/6-31g*,1.0,0.1,H,resp2,3,[H:3][C:1]#[N:2],,
0,0.14208860234306075,RESP2,hf/6-31g*,1.0,0.15000000000000002,C,resp2,1,[H:3][C:1]#[N:2],,
1,-0.3822904027354621,RESP2,hf/6-31g*,1.0,0.15000000000000002,N,resp2,2,[H:3][C:1]#[N:2],,
2,0.24020180039240138,RESP2,hf/6-31g*,1.0,0.15000000000000002,H,resp2,3,[H:3][C:1]#[N:2],,
0,0.1466148044122587,RESP2,hf/6-31g*,1.0,0.2,C,resp2,1,[H:3][C:1]#[N:2],,
1,-0.3880824323245324,RESP2,hf/6-31g*,1.0,0.2,N,resp2,2,[H:3][C:1]#[N:2],,
2,0.2414676279122737,RESP2,hf/6-31g*,1.0,0.2,H,resp2,3,[H:3][C:1]#[N:2],,
0,0.15114100648145656,RESP2,hf/6-31g*,1.0,0.25,C,resp2,1,[H:3][C:1]#[N:2],,
1,-0.39387446191360254,RESP2,hf/6-31g*,1.0,0.25,N,resp2,2,[H:3][C:1]#[N:2],,
2,0.24273345543214594,RESP2,hf/6-31g*,1.0,0.25,H,resp2,3,[H:3][C:1]#[N:2],,
0,0.1556672085506545,RESP2,hf/6-31g*,1.0,0.30000000000000004,C,resp2,1,[H:3][C:1]#[N:2],,
1,-0.3996664915026727,RESP2,hf/6-31g*,1.0,0.30000000000000004,N,resp2,2,[H:3][C:1]#[N:2],,
2,0.2439992829520182,RESP2,hf/6-31g*,1.0,0.30000000000000004,H,resp2,3,[H:3][C:1]#[N:2],,
0,0.1601934106198524,RESP2,hf/6-31g*,1.0,0.35000000000000003,C,resp2,1,[H:3][C:1]#[N:2],,
1,-0.40545852109174285,RESP2,hf/6-31g*,1.0,0.35000000000000003,N,resp2,2,[H:3][C:1]#[N:2],,
2,0.24526511047189045,RESP2,hf/6-31g*,1.0,0.35000000000000003,H,resp2,3,[H:3][C:1]#[N:2],,
0,0.1647196126890503,RESP2,hf/6-31g*,1.0,0.4,C,resp2,1,[H:3][C:1]#[N:2],,
1,-0.41125055068081307,RESP2,hf/6-31g*,1.0,0.4,N,resp2,2,[H:3][C:1]#[N:2],,
2,0.24653093799176273,RESP2,hf/6-31g*,1.0,0.4,H,resp2,3,[H:3][C:1]#[N:2],,
0,0.16924581475824826,RESP2,hf/6-31g*,1.0,0.45,C,resp2,1,[H:3][C:1]#[N:2],,
1,-0.4170425802698833,RESP2,hf/6-31g*,1.0,0.45,N,resp2,2,[H:3][C:1]#[N:2],,
2,0.24779676551163501,RESP2,hf/6-31g*,1.0,0.45,H,resp2,3,[H:3][C:1]#[N:2],,
0,0.17377201682744617,RESP2,hf/6-31g*,1.0,0.5,C,resp2,1,[H:3][C:1]#[N:2],,
1,-0.42283460985895344,RESP2,hf/6-31g*,1.0,0.5,N,resp2,2,[H:3][C:1]#[N:2],,
2,0.24906259303150727,RESP2,hf/6-31g*,1.0,0.5,H,resp2,3,[H:3][C:1]#[N:2],,
0,0.17829821889664407,RESP2,hf/6-31g*,1.0,0.55,C,resp2,1,[H:3][C:1]#[N:2],,
1,-0.4286266394480236,RESP2,hf/6-31g*,1.0,0.55,N,resp2,2,[H:3][C:1]#[N:2],,
2,0.2503284205513795,RESP2,hf/6-31g*,1.0,0.55,H,resp2,3,[H:3][C:1]#[N:2],,
0,0.18282442096584203,RESP2,hf/6-31g*,1.0,0.6000000000000001,C,resp2,1,[H:3][C:1]#[N:2],,
1,-0.43441866903709386,RESP2,hf/6-31g*,1.0,0.6000000000000001,N,resp2,2,[H:3][C:1]#[N:2],,
2,0.2515942480712518,RESP2,hf/6-31g*,1.0,0.6000000000000001,H,resp2,3,[H:3][C:1]#[N:2],,
0,0.1873506230350399,RESP2,hf/6-31g*,1.0,0.65,C,resp2,1,[H:3][C:1]#[N:2],,
1,-0.440210698626164,RESP2,hf/6-31g*,1.0,0.65,N,resp2,2,[H:3][C:1]#[N:2],,
2,0.25286007559112406,RESP2,hf/6-31g*,1.0,0.65,H,resp2,3,[H:3][C:1]#[N:2],,
0,0.19187682510423784,RESP2,hf/6-31g*,1.0,0.7000000000000001,C,resp2,1,[H:3][C:1]#[N:2],,
1,-0.4460027282152342,RESP2,hf/6-31g*,1.0,0.7000000000000001,N,resp2,2,[H:3][C:1]#[N:2],,
2,0.25412590311099637,RESP2,hf/6-31g*,1.0,0.7000000000000001,H,resp2,3,[H:3][C:1]#[N:2],,
0,0.19640302717343577,RESP2,hf/6-31g*,1.0,0.75,C,resp2,1,[H:3][C:1]#[N:2],,
1,-0.4517947578043044,RESP2,hf/6-31g*,1.0,0.75,N,resp2,2,[H:3][C:1]#[N:2],,
2,0.25539173063086856,RESP2,hf/6-31g*,1.0,0.75,H,resp2,3,[H:3][C:1]#[N:2],,
0,0.20092922924263365,RESP2,hf/6-31g*,1.0,0.8,C,resp2,1,[H:3][C:1]#[N:2],,
1,-0.45758678739337455,RESP2,hf/6-31g*,1.0,0.8,N,resp2,2,[H:3][C:1]#[N:2],,
2,0.25665755815074087,RESP2,hf/6-31g*,1.0,0.8,H,resp2,3,[H:3][C:1]#[N:2],,
0,0.2054554313118316,RESP2,hf/6-31g*,1.0,0.8500000000000001,C,resp2,1,[H:3][C:1]#[N:2],,
1,-0.46337881698244476,RESP2,hf/6-31g*,1.0,0.8500000000000001,N,resp2,2,[H:3][C:1]#[N:2],,
2,0.2579233856706131,RESP2,hf/6-31g*,1.0,0.8500000000000001,H,resp2,3,[H:3][C:1]#[N:2],,
0,0.2099816333810295,RESP2,hf/6-31g*,1.0,0.9,C,resp2,1,[H:3][C:1]#[N:2],,
1,-0.4691708465715149,RESP2,hf/6-31g*,1.0,0.9,N,resp2,2,[H:3][C:1]#[N:2],,
2,0.25918921319048543,RESP2,hf/6-31g*,1.0,0.9,H,resp2,3,[H:3][C:1]#[N:2],,
0,0.21450783545022745,RESP2,hf/6-31g*,1.0,0.9500000000000001,C,resp2,1,[H:3][C:1]#[N:2],,
1,-0.47496287616058513,RESP2,hf/6-31g*,1.0,0.9500000000000001,N,resp2,2,[H:3][C:1]#[N:2],,
2,0.2604550407103577,RESP2,hf/6-31g*,1.0,0.9500000000000001,H,resp2,3,[H:3][C:1]#[N:2],,
0,0.21903403751942535,RESP2,hf/6-31g*,1.0,1.0,C,resp2,1,[H:3][C:1]#[N:2],,
1,-0.4807549057496553,RESP2,hf/6-31g*,1.0,1.0,N,resp2,2,[H:3][C:1]#[N:2],,
2,0.26172086823022994,RESP2,hf/6-31g*,1.0,1.0,H,resp2,3,[H:3][C:1]#[N:2],,
0,0.12850999613548908,RESP2,hf/6-31g*,,0.0,C,resp2,1,[H:3][C:1]#[N:2],,
1,-0.36491431396826135,RESP2,hf/6-31g*,,0.0,N,resp2,2,[H:3][C:1]#[N:2],,
2,0.2364043178327723,RESP2,hf/6-31g*,,0.0,H,resp2,3,[H:3][C:1]#[N:2],,
0,0.13303619820468843,RESP2,hf/6-31g*,,0.05,C,resp2,1,[H:3][C:1]#[N:2],,
1,-0.3707063435573321,RESP2,hf/6-31g*,,0.05,N,resp2,2,[H:3][C:1]#[N:2],,
2,0.2376701453526437,RESP2,hf/6-31g*,,0.05,H,resp2,3,[H:3][C:1]#[N:2],,
0,0.1375624002738878,RESP2,hf/6-31g*,,0.1,C,resp2,1,[H:3][C:1]#[N:2],,
1,-0.376498373146403,RESP2,hf/6-31g*,,0.1,N,resp2,2,[H:3][C:1]#[N:2],,
2,0.23893597287251517,RESP2,hf/6-31g*,,0.1,H,resp2,3,[H:3][C:1]#[N:2],,
0,0.14208860234308715,RESP2,hf/6-31g*,,0.15000000000000002,C,resp2,1,[H:3][C:1]#[N:2],,
1,-0.3822904027354737,RESP2,hf/6-31g*,,0.15000000000000002,N,resp2,2,[H:3][C:1]#[N:2],,
2,0.24020180039238656,RESP2,hf/6-31g*,,0.15000000000000002,H,resp2,3,[H:3][C:1]#[N:2],,
0,0.1466148044122865,RESP2,hf/6-31g*,,0.2,C,resp2,1,[H:3][C:1]#[N:2],,
1,-0.38808243232454454,RESP2,hf/6-31g*,,0.2,N,resp2,2,[H:3][C:1]#[N:2],,
2,0.24146762791225804,RESP2,hf/6-31g*,,0.2,H,resp2,3,[H:3][C:1]#[N:2],,
0,0.15114100648148585,RESP2,hf/6-31g*,,0.25,C,resp2,1,[H:3][C:1]#[N:2],,
1,-0.3938744619136153,RESP2,hf/6-31g*,,0.25,N,resp2,2,[H:3][C:1]#[N:2],,
2,0.24273345543212943,RESP2,hf/6-31g*,,0.25,H,resp2,3,[H:3][C:1]#[N:2],,
0,0.1556672085506852,RESP2,hf/6-31g*,,0.30000000000000004,C,resp2,1,[H:3][C:1]#[N:2],,
1,-0.39966649150268607,RESP2,hf/6-31g*,,0.30000000000000004,N,resp2,2,[H:3][C:1]#[N:2],,
2,0.24399928295200085,RESP2,hf/6-31g*,,0.30000000000000004,H,resp2,3,[H:3][C:1]#[N:2],,
0,0.16019341061988454,RESP2,hf/6-31g*,,0.35000000000000003,C,resp2,1,[H:3][C:1]#[N:2],,
1,-0.40545852109175684,RESP2,hf/6-31g*,,0.35000000000000003,N,resp2,2,[H:3][C:1]#[N:2],,
2,0.24526511047187227,RESP2,hf/6-31g*,,0.35000000000000003,H,resp2,3,[H:3][C:1]#[N:2],,
0,0.1647196126890839,RESP2,hf/6-31g*,,0.4,C,resp2,1,[H:3][C:1]#[N:2],,
1,-0.4112505506808276,RESP2,hf/6-31g*,,0.4,N,resp2,2,[H:3][C:1]#[N:2],,
2,0.2465309379917437,RESP2,hf/6-31g*,,0.4,H,resp2,3,[H:3][C:1]#[N:2],,
0,0.16924581475828326,RESP2,hf/6-31g*,,0.45,C,resp2,1,[H:3][C:1]#[N:2],,
1,-0.4170425802698984,RESP2,hf/6-31g*,,0.45,N,resp2,2,[H:3][C:1]#[N:2],,
2,0.2477967655116151,RESP2,hf/6-31g*,,0.45,H,resp2,3,[H:3][C:1]#[N:2],,
0,0.1737720168274826,RESP2,hf/6-31g*,,0.5,C,resp2,1,[H:3][C:1]#[N:2],,
1,-0.42283460985896915,RESP2,hf/6-31g*,,0.5,N,resp2,2,[H:3][C:1]#[N:2],,
2,0.24906259303148653,RESP2,hf/6-31g*,,0.5,H,resp2,3,[H:3][C:1]#[N:2],,
0,0.17829821889668196,RESP2,hf/6-31g*,,0.55,C,resp2,1,[H:3][C:1]#[N:2],,
1,-0.4286266394480399,RESP2,hf/6-31g*,,0.55,N,resp2,2,[H:3][C:1]#[N:2],,
2,0.25032842055135796,RESP2,hf/6-31g*,,0.55,H,resp2,3,[H:3][C:1]#[N:2],,
0,0.18282442096588133,RESP2,hf/6-31g*,,0.6000000000000001,C,resp2,1,[H:3][C:1]#[N:2],,
1,-0.4344186690371108,RESP2,hf/6-31g*,,0.6000000000000001,N,resp2,2,[H:3][C:1]#[N:2],,
2,0.25159424807122943,RESP2,hf/6-31g*,,0.6000000000000001,H,resp2,3,[H:3][C:1]#[N:2],,
0,0.18735062303508068,RESP2,hf/6-31g*,,0.65,C,resp2,1,[H:3][C:1]#[N:2],,
1,-0.4402106986261815,RESP2,hf/6-31g*,,0.65,N,resp2,2,[H:3][C:1]#[N:2],,
2,0.2528600755911008,RESP2,hf/6-31g*,,0.65,H,resp2,3,[H:3][C:1]#[N:2],,
0,0.19187682510428006,RESP2,hf/6-31g*,,0.7000000000000001,C,resp2,1,[H:3][C:1]#[N:2],,
1,-0.4460027282152523,RESP2,hf/6-31g*,,0.7000000000000001,N,resp2,2,[H:3][C:1]#[N:2],,
2,0.2541259031109722,RESP2,hf/6-31g*,,0.7000000000000001,H,resp2,3,[H:3][C:1]#[N:2],,
0,0.19640302717347938,RESP2,hf/6-31g*,,0.75,C,resp2,1,[H:3][C:1]#[N:2],,
1,-0.45179475780432304,RESP2,hf/6-31g*,,0.75,N,resp2,2,[H:3][C:1]#[N:2],,
2,0.25539173063084364,RESP2,hf/6-31g*,,0.75,H,resp2,3,[H:3][C:1]#[N:2],,
0,0.20092922924267873,RESP2,hf/6-31g*,,0.8,C,resp2,1,[H:3][C:1]#[N:2],,
1,-0.45758678739339387,RESP2,hf/6-31g*,,0.8,N,resp2,2,[H:3][C:1]#[N:2],,
2,0.2566575581507151,RESP2,hf/6-31g*,,0.8,H,resp2,3,[H:3][C:1]#[N:2],,
0,0.2054554313118781,RESP2,hf/6-31g*,,0.8500000000000001,C,resp2,1,[H:3][C:1]#[N:2],,
1,-0.46337881698246464,RESP2,hf/6-31g*,,0.8500000000000001,N,resp2,2,[H:3][C:1]#[N:2],,
2,0.25792338567058654,RESP2,hf/6-31g*,,0.8500000000000001,H,resp2,3,[H:3][C:1]#[N:2],,
0,0.20998163338107742,RESP2,hf/6-31g*,,0.9,C,resp2,1,[H:3][C:1]#[N:2],,
1,-0.46917084657153535,RESP2,hf/6-31g*,,0.9,N,resp2,2,[H:3][C:1]#[N:2],,
2,0.25918921319045796,RESP2,hf/6-31g*,,0.9,H,resp2,3,[H:3][C:1]#[N:2],,
0,0.2145078354502768,RESP2,hf/6-31g*,,0.9500000000000001,C,resp2,1,[H:3][C:1]#[N:2],,
1,-0.4749628761606062,RESP2,hf/6-31g*,,0.9500000000000001,N,resp2,2,[H:3][C:1]#[N:2],,
2,0.2604550407103294,RESP2,hf/6-31g*,,0.9500000000000001,H,resp2,3,[H:3][C:1]#[N:2],,
0,0.21903403751947614,RESP2,hf/6-31g*,,1.0,C,resp2,1,[H:3][C:1]#[N:2],,
1,-0.48075490574967694,RESP2,hf/6-31g*,,1.0,N,resp2,2,[H:3][C:1]#[N:2],,
2,0.2617208682302008,RESP2,hf/6-31g*,,1.0,H,resp2,3,[H:3][C:1]#[N:2],,
0,0.08392950618768483,RESP2,b3lyp-d3bj/dzvp,1.0,0.0,C,hf,1,[H:3][C:1]#[N:2],,
1,-0.3190677938304064,RESP2,b3lyp-d3bj/dzvp,1.0,0.0,N,hf,2,[H:3][C:1]#[N:2],,
2,0.23513828764272157,RESP2,b3lyp-d3bj/dzvp,1.0,0.0,H,hf,3,[H:3][C:1]#[N:2],,
0,0.08811964216302019,RESP2,b3lyp-d3bj/dzvp,1.0,0.05,C,hf,1,[H:3][C:1]#[N:2],,
1,-0.3245320120062795,RESP2,b3lyp-d3bj/dzvp,1.0,0.05,N,hf,2,[H:3][C:1]#[N:2],,
2,0.2364123698432593,RESP2,b3lyp-d3bj/dzvp,1.0,0.05,H,hf,3,[H:3][C:1]#[N:2],,
0,0.09230977813835559,RESP2,b3lyp-d3bj/dzvp,1.0,0.1,C,hf,1,[H:3][C:1]#[N:2],,
1,-0.32999623018215263,RESP2,b3lyp-d3bj/dzvp,1.0,0.1,N,hf,2,[H:3][C:1]#[N:2],,
2,0.23768645204379704,RESP2,b3lyp-d3bj/dzvp,1.0,0.1,H,hf,3,[H:3][C:1]#[N:2],,
0,0.09649991411369098,RESP2,b3lyp-d3bj/dzvp,1.0,0.15000000000000002,C,hf,1,[H:3][C:1]#[N:2],,
1,-0.33546044835802574,RESP2,b3lyp-d3bj/dzvp,1.0,0.15000000000000002,N,hf,2,[H:3][C:1]#[N:2],,
2,0.23896053424433478,RESP2,b3lyp-d3bj/dzvp,1.0,0.15000000000000002,H,hf,3,[H:3][C:1]#[N:2],,
0,0.10069005008902633,RESP2,b3lyp-d3bj/dzvp,1.0,0.2,C,hf,1,[H:3][C:1]#[N:2],,
1,-0.34092466653389886,RESP2,b3lyp-d3bj/dzvp,1.0,0.2,N,hf,2,[H:3][C:1]#[N:2],,
2,0.2402346164448725,RESP2,b3lyp-d3bj/dzvp,1.0,0.2,H,hf,3,[H:3][C:1]#[N:2],,
0,0.1048801860643617,RESP2,b3lyp-d3bj/dzvp,1.0,0.25,C,hf,1,[H:3][C:1]#[N:2],,
1,-0.3463888847097719,RESP2,b3lyp-d3bj/dzvp,1.0,0.25,N,hf,2,[H:3][C:1]#[N:2],,
2,0.24150869864541025,RESP2,b3lyp-d3bj/dzvp,1.0,0.25,H,hf,3,[H:3][C:1]#[N:2],,
0,0.10907032203969709,RESP2,b3lyp-d3bj/dzvp,1.0,0.30000000000000004,C,hf,1,[H:3][C:1]#[N:2],,
1,-0.3518531028856451,RESP2,b3lyp-d3bj/dzvp,1.0,0.30000000000000004,N,hf,2,[H:3][C:1]#[N:2],,
2,0.24278278084594798,RESP2,b3lyp-d3bj/dzvp,1.0,0.30000000000000004,H,hf,3,[H:3][C:1]#[N:2],,
0,0.11326045801503244,RESP2,b3lyp-d3bj/dzvp,1.0,0.35000000000000003,C,hf,1,[H:3][C:1]#[N:2],,
1,-0.35731732106151814,RESP2,b3lyp-d3bj/dzvp,1.0,0.35000000000000003,N,hf,2,[H:3][C:1]#[N:2],,
2,0.24405686304648572,RESP2,b3lyp-d3bj/dzvp,1.0,0.35000000000000003,H,hf,3,[H:3][C:1]#[N:2],,
0,0.11745059399036784,RESP2,b3lyp-d3bj/dzvp,1.0,0.4,C,hf,1,[H:3][C:1]#[N:2],,
1,-0.3627815392373913,RESP2,b3lyp-d3bj/dzvp,1.0,0.4,N,hf,2,[H:3][C:1]#[N:2],,
2,0.24533094524702345,RESP2,b3lyp-d3bj/dzvp,1.0,0.4,H,hf,3,[H:3][C:1]#[N:2],,
0,0.12164072996570319,RESP2,b3lyp-d3bj/dzvp,1.0,0.45,C,hf,1,[H:3][C:1]#[N:2],,
1,-0.3682457574132644,RESP2,b3lyp-d3bj/dzvp,1.0,0.45,N,hf,2,[H:3][C:1]#[N:2],,
2,0.24660502744756121,RESP2,b3lyp-d3bj/dzvp,1.0,0.45,H,hf,3,[H:3][C:1]#[N:2],,
0,0.12583086594103857,RESP2,b3lyp-d3bj/dzvp,1.0,0.5,C,hf,1,[H:3][C:1]#[N:2],,
1,-0.3737099755891375,RESP2,b3lyp-d3bj/dzvp,1.0,0.5,N,hf,2,[H:3][C:1]#[N:2],,
2,0.24787910964809892,RESP2,b3lyp-d3bj/dzvp,1.0,0.5,H,hf,3,[H:3][C:1]#[N:2],,
0,0.13002100191637395,RESP2,b3lyp-d3bj/dzvp,1.0,0.55,C,hf,1,[H:3][C:1]#[N:2],,
1,-0.3791741937650106,RESP2,b3lyp-d3bj/dzvp,1.0,0.55,N,hf,2,[H:3][C:1]#[N:2],,
2,0.24915319184863666,RESP2,b3lyp-d3bj/dzvp,1.0,0.55,H,hf,3,[H:3][C:1]#[N:2],,
0,0.13421113789170933,RESP2,b3lyp-d3bj/dzvp,1.0,0.6000000000000001,C,hf,1,[H:3][C:1]#[N:2],,
1,-0.3846384119408837,RESP2,b3lyp-d3bj/dzvp,1.0,0.6000000000000001,N,hf,2,[H:3][C:1]#[N:2],,
2,0.25042727404917436,RESP2,b3lyp-d3bj/dzvp,1.0,0.6000000000000001,H,hf,3,[H:3][C:1]#[N:2],,
0,0.13840127386704468,RESP2,b3lyp-d3bj/dzvp,1.0,0.65,C,hf,1,[H:3][C:1]#[N:2],,
1,-0.39010263011675683,RESP2,b3lyp-d3bj/dzvp,1.0,0.65,N,hf,2,[H:3][C:1]#[N:2],,
2,0.2517013562497121,RESP2,b3lyp-d3bj/dzvp,1.0,0.65,H,hf,3,[H:3][C:1]#[N:2],,
0,0.14259140984238006,RESP2,b3lyp-d3bj/dzvp,1.0,0.7000000000000001,C,hf,1,[H:3][C:1]#[N:2],,
1,-0.3955668482926299,RESP2,b3lyp-d3bj/dzvp,1.0,0.7000000000000001,N,hf,2,[H:3][C:1]#[N:2],,
2,0.2529754384502499,RESP2,b3lyp-d3bj/dzvp,1.0,0.7000000000000001,H,hf,3,[H:3][C:1]#[N:2],,
0,0.14678154581771546,RESP2,b3lyp-d3bj/dzvp,1.0,0.75,C,hf,1,[H:3][C:1]#[N:2],,
1,-0.40103106646850306,RESP2,b3lyp-d3bj/dzvp,1.0,0.75,N,hf,2,[H:3][C:1]#[N:2],,
2,0.2542495206507876,RESP2,b3lyp-d3bj/dzvp,1.0,0.75,H,hf,3,[H:3][C:1]#[N:2],,
0,0.1509716817930508,RESP2,b3lyp-d3bj/dzvp,1.0,0.8,C,hf,1,[H:3][C:1]#[N:2],,
1,-0.4064952846443761,RESP2,b3lyp-d3bj/dzvp,1.0,0.8,N,hf,2,[H:3][C:1]#[N:2],,
2,0.25552360285132536,RESP2,b3lyp-d3bj/dzvp,1.0,0.8,H,hf,3,[H:3][C:1]#[N:2],,
0,0.1551618177683862,RESP2,b3lyp-d3bj/dzvp,1.0,0.8500000000000001,C,hf,1,[H:3][C:1]#[N:2],,
1,-0.4119595028202493,RESP2,b3lyp-d3bj/dzvp,1.0,0.8500000000000001,N,hf,2,[H:3][C:1]#[N:2],,
2,0.25679768505186307,RESP2,b3lyp-d3bj/dzvp,1.0,0.8500000000000001,H,hf,3,[H:3][C:1]#[N:2],,
0,0.15935195374372155,RESP2,b3lyp-d3bj/dzvp,1.0,0.9,C,hf,1,[H:3][C:1]#[N:2],,
1,-0.41742372099612235,RESP2,b3lyp-d3bj/dzvp,1.0,0.9,N,hf,2,[H:3][C:1]#[N:2],,
2,0.25807176725240083,RESP2,b3lyp-d3bj/dzvp,1.0,0.9,H,hf,3,[H:3][C:1]#[N:2],,
0,0.16354208971905695,RESP2,b3lyp-d3bj/dzvp,1.0,0.9500000000000001,C,hf,1,[H:3][C:1]#[N:2],,
1,-0.4228879391719955,RESP2,b3lyp-d3bj/dzvp,1.0,0.9500000000000001,N,hf,2,[H:3][C:1]#[N:2],,
2,0.25934584945293854,RESP2,b3lyp-d3bj/dzvp,1.0,0.9500000000000001,H,hf,3,[H:3][C:1]#[N:2],,
0,0.1677322256943923,RESP2,b3lyp-d3bj/dzvp,1.0,1.0,C,hf,1,[H:3][C:1]#[N:2],,
1,-0.4283521573478686,RESP2,b3lyp-d3bj/dzvp,1.0,1.0,N,hf,2,[H:3][C:1]#[N:2],,
2,0.2606199316534763,RESP2,b3lyp-d3bj/dzvp,1.0,1.0,H,hf,3,[H:3][C:1]#[N:2],,
0,0.08392950618776879,RESP2,b3lyp-d3bj/dzvp,,0.0,C,hf,1,[H:3][C:1]#[N:2],,
1,-0.31906779383046124,RESP2,b3lyp-d3bj/dzvp,,0.0,N,hf,2,[H:3][C:1]#[N:2],,
2,0.23513828764269243,RESP2,b3lyp-d3bj/dzvp,,0.0,H,hf,3,[H:3][C:1]#[N:2],,
0,0.08811964216310907,RESP2,b3lyp-d3bj/dzvp,,0.05,C,hf,1,[H:3][C:1]#[N:2],,
1,-0.3245320120063393,RESP2,b3lyp-d3bj/dzvp,,0.05,N,hf,2,[H:3][C:1]#[N:2],,
2,0.23641236984323025,RESP2,b3lyp-d3bj/dzvp,,0.05,H,hf,3,[H:3][C:1]#[N:2],,
0,0.09230977813844933,RESP2,b3lyp-d3bj/dzvp,,0.1,C,hf,1,[H:3][C:1]#[N:2],,
1,-0.3299962301822174,RESP2,b3lyp-d3bj/dzvp,,0.1,N,hf,2,[H:3][C:1]#[N:2],,
2,0.2376864520437681,RESP2,b3lyp-d3bj/dzvp,,0.1,H,hf,3,[H:3][C:1]#[N:2],,
0,0.09649991411378962,RESP2,b3lyp-d3bj/dzvp,,0.15000000000000002,C,hf,1,[H:3][C:1]#[N:2],,
1,-0.3354604483580955,RESP2,b3lyp-d3bj/dzvp,,0.15000000000000002,N,hf,2,[H:3][C:1]#[N:2],,
2,0.2389605342443059,RESP2,b3lyp-d3bj/dzvp,,0.15000000000000002,H,hf,3,[H:3][C:1]#[N:2],,
0,0.1006900500891299,RESP2,b3lyp-d3bj/dzvp,,0.2,C,hf,1,[H:3][C:1]#[N:2],,
1,-0.3409246665339737,RESP2,b3lyp-d3bj/dzvp,,0.2,N,hf,2,[H:3][C:1]#[N:2],,
2,0.24023461644484376,RESP2,b3lyp-d3bj/dzvp,,0.2,H,hf,3,[H:3][C:1]#[N:2],,
0,0.10488018606447015,RESP2,b3lyp-d3bj/dzvp,,0.25,C,hf,1,[H:3][C:1]#[N:2],,
1,-0.34638888470985174,RESP2,b3lyp-d3bj/dzvp,,0.25,N,hf,2,[H:3][C:1]#[N:2],,
2,0.24150869864538155,RESP2,b3lyp-d3bj/dzvp,,0.25,H,hf,3,[H:3][C:1]#[N:2],,
0,0.10907032203981044,RESP2,b3lyp-d3bj/dzvp,,0.30000000000000004,C,hf,1,[H:3][C:1]#[N:2],,
1,-0.35185310288572985,RESP2,b3lyp-d3bj/dzvp,,0.30000000000000004,N,hf,2,[H:3][C:1]#[N:2],,
2,0.2427827808459194,RESP2,b3lyp-d3bj/dzvp,,0.30000000000000004,H,hf,3,[H:3][C:1]#[N:2],,
0,0.11326045801515071,RESP2,b3lyp-d3bj/dzvp,,0.35000000000000003,C,hf,1,[H:3][C:1]#[N:2],,
1,-0.35731732106160785,RESP2,b3lyp-d3bj/dzvp,,0.35000000000000003,N,hf,2,[H:3][C:1]#[N:2],,
2,0.24405686304645716,RESP2,b3lyp-d3bj/dzvp,,0.35000000000000003,H,hf,3,[H:3][C:1]#[N:2],,
0,0.117450593990491,RESP2,b3lyp-d3bj/dzvp,,0.4,C,hf,1,[H:3][C:1]#[N:2],,
1,-0.362781539237486,RESP2,b3lyp-d3bj/dzvp,,0.4,N,hf,2,[H:3][C:1]#[N:2],,
2,0.245330945246995,RESP2,b3lyp-d3bj/dzvp,,0.4,H,hf,3,[H:3][C:1]#[N:2],,
0,0.12164072996583127,RESP2,b3lyp-d3bj/dzvp,,0.45,C,hf,1,[H:3][C:1]#[N:2],,
1,-0.3682457574133641,RESP2,b3lyp-d3bj/dzvp,,0.45,N,hf,2,[H:3][C:1]#[N:2],,
2,0.24660502744753285,RESP2,b3lyp-d3bj/dzvp,,0.45,H,hf,3,[H:3][C:1]#[N:2],,
0,0.12583086594117154,RESP2,b3lyp-d3bj/dzvp,,0.5,C,hf,1,[H:3][C:1]#[N:2],,
1,-0.3737099755892422,RESP2,b3lyp-d3bj/dzvp,,0.5,N,hf,2,[H:3][C:1]#[N:2],,
2,0.24787910964807064,RESP2,b3lyp-d3bj/dzvp,,0.5,H,hf,3,[H:3][C:1]#[N:2],,
0,0.1300210019165118,RESP2,b3lyp-d3bj/dzvp,,0.55,C,hf,1,[H:3][C:1]#[N:2],,
1,-0.3791741937651203,RESP2,b3lyp-d3bj/dzvp,,0.55,N,hf,2,[H:3][C:1]#[N:2],,
2,0.24915319184860849,RESP2,b3lyp-d3bj/dzvp,,0.55,H,hf,3,[H:3][C:1]#[N:2],,
0,0.13421113789185207,RESP2,b3lyp-d3bj/dzvp,,0.6000000000000001,C,hf,1,[H:3][C:1]#[N:2],,
1,-0.38463841194099835,RESP2,b3lyp-d3bj/dzvp,,0.6000000000000001,N,hf,2,[H:3][C:1]#[N:2],,
2,0.25042727404914633,RESP2,b3lyp-d3bj/dzvp,,0.6000000000000001,H,hf,3,[H:3][C:1]#[N:2],,
0,0.13840127386719236,RESP2,b3lyp-d3bj/dzvp,,0.65,C,hf,1,[H:3][C:1]#[N:2],,
1,-0.39010263011687646,RESP2,b3lyp-d3bj/dzvp,,0.65,N,hf,2,[H:3][C:1]#[N:2],,
2,0.2517013562496841,RESP2,b3lyp-d3bj/dzvp,,0.65,H,hf,3,[H:3][C:1]#[N:2],,
0,0.14259140984253266,RESP2,b3lyp-d3bj/dzvp,,0.7000000000000001,C,hf,1,[H:3][C:1]#[N:2],,
1,-0.39556684829275457,RESP2,b3lyp-d3bj/dzvp,,0.7000000000000001,N,hf,2,[H:3][C:1]#[N:2],,
2,0.2529754384502219,RESP2,b3lyp-d3bj/dzvp,,0.7000000000000001,H,hf,3,[H:3][C:1]#[N:2],,
0,0.14678154581787292,RESP2,b3lyp-d3bj/dzvp,,0.75,C,hf,1,[H:3][C:1]#[N:2],,
1,-0.4010310664686327,RESP2,b3lyp-d3bj/dzvp,,0.75,N,hf,2,[H:3][C:1]#[N:2],,
2,0.25424952065075973,RESP2,b3lyp-d3bj/dzvp,,0.75,H,hf,3,[H:3][C:1]#[N:2],,
0,0.15097168179321316,RESP2,b3lyp-d3bj/dzvp,,0.8,C,hf,1,[H:3][C:1]#[N:2],,
1,-0.40649528464451073,RESP2,b3lyp-d3bj/dzvp,,0.8,N,hf,2,[H:3][C:1]#[N:2],,
2,0.2555236028512976,RESP2,b3lyp-d3bj/dzvp,,0.8,H,hf,3,[H:3][C:1]#[N:2],,
0,0.15516181776855345,RESP2,b3lyp-d3bj/dzvp,,0.8500000000000001,C,hf,1,[H:3][C:1]#[N:2],,
1,-0.41195950282038885,RESP2,b3lyp-d3bj/dzvp,,0.8500000000000001,N,hf,2,[H:3][C:1]#[N:2],,
2,0.2567976850518354,RESP2,b3lyp-d3bj/dzvp,,0.8500000000000001,H,hf,3,[H:3][C:1]#[N:2],,
0,0.15935195374389374,RESP2,b3lyp-d3bj/dzvp,,0.9,C,hf,1,[H:3][C:1]#[N:2],,
1,-0.41742372099626696,RESP2,b3lyp-d3bj/dzvp,,0.9,N,hf,2,[H:3][C:1]#[N:2],,
2,0.25807176725237324,RESP2,b3lyp-d3bj/dzvp,,0.9,H,hf,3,[H:3][C:1]#[N:2],,
0,0.163542089719234,RESP2,b3lyp-d3bj/dzvp,,0.9500000000000001,C,hf,1,[H:3][C:1]#[N:2],,
1,-0.422887939172145,RESP2,b3lyp-d3bj/dzvp,,0.9500000000000001,N,hf,2,[H:3][C:1]#[N:2],,
2,0.259345849452911,RESP2,b3lyp-d3bj/dzvp,,0.9500000000000001,H,hf,3,[H:3][C:1]#[N:2],,
0,0.16773222569457427,RESP2,b3lyp-d3bj/dzvp,,1.0,C,hf,1,[H:3][C:1]#[N:2],,
1,-0.4283521573480231,RESP2,b3lyp-d3bj/dzvp,,1.0,N,hf,2,[H:3][C:1]#[N:2],,
2,0.2606199316534489,RESP2,b3lyp-d3bj/dzvp,,1.0,H,hf,3,[H:3][C:1]#[N:2],,
0,0.07214622282688492,RESP2,b3lyp-d3bj/dzvp,1.0,0.0,C,resp2,1,[H:3][C:1]#[N:2],,
1,-0.3146651140566349,RESP2,b3lyp-d3bj/dzvp,1.0,0.0,N,resp2,2,[H:3][C:1]#[N:2],,
2,0.24251889122974996,RESP2,b3lyp-d3bj/dzvp,1.0,0.0,H,resp2,3,[H:3][C:1]#[N:2],,
0,0.07637825521365067,RESP2,b3lyp-d3bj/dzvp,1.0,0.05,C,resp2,1,[H:3][C:1]#[N:2],,
1,-0.3201699540800029,RESP2,b3lyp-d3bj/dzvp,1.0,0.05,N,resp2,2,[H:3][C:1]#[N:2],,
2,0.24379169886635227,RESP2,b3lyp-d3bj/dzvp,1.0,0.05,H,resp2,3,[H:3][C:1]#[N:2],,
0,0.08061028760041646,RESP2,b3lyp-d3bj/dzvp,1.0,0.1,C,resp2,1,[H:3][C:1]#[N:2],,
1,-0.3256747941033711,RESP2,b3lyp-d3bj/dzvp,1.0,0.1,N,resp2,2,[H:3][C:1]#[N:2],,
2,0.24506450650295464,RESP2,b3lyp-d3bj/dzvp,1.0,0.1,H,resp2,3,[H:3][C:1]#[N:2],,
0,0.08484231998718224,RESP2,b3lyp-d3bj/dzvp,1.0,0.15000000000000002,C,resp2,1,[H:3][C:1]#[N:2],,
1,-0.3311796341267392,RESP2,b3lyp-d3bj/dzvp,1.0,0.15000000000000002,N,resp2,2,[H:3][C:1]#[N:2],,
2,0.24633731413955692,RESP2,b3lyp-d3bj/dzvp,1.0,0.15000000000000002,H,resp2,3,[H:3][C:1]#[N:2],,
0,0.089074352373948,RESP2,b3lyp-d3bj/dzvp,1.0,0.2,C,resp2,1,[H:3][C:1]#[N:2],,
1,-0.33668447415010727,RESP2,b3lyp-d3bj/dzvp,1.0,0.2,N,resp2,2,[H:3][C:1]#[N:2],,
2,0.24761012177615926,RESP2,b3lyp-d3bj/dzvp,1.0,0.2,H,resp2,3,[H:3][C:1]#[N:2],,
0,0.09330638476071375,RESP2,b3lyp-d3bj/dzvp,1.0,0.25,C,resp2,1,[H:3][C:1]#[N:2],,
1,-0.3421893141734753,RESP2,b3lyp-d3bj/dzvp,1.0,0.25,N,resp2,2,[H:3][C:1]#[N:2],,
2,0.24888292941276155,RESP2,b3lyp-d3bj/dzvp,1.0,0.25,H,resp2,3,[H:3][C:1]#[N:2],,
0,0.09753841714747953,RESP2,b3lyp-d3bj/dzvp,1.0,0.30000000000000004,C,resp2,1,[H:3][C:1]#[N:2],,
1,-0.3476941541968434,RESP2,b3lyp-d3bj/dzvp,1.0,0.30000000000000004,N,resp2,2,[H:3][C:1]#[N:2],,
2,0.2501557370493639,RESP2,b3lyp-d3bj/dzvp,1.0,0.30000000000000004,H,resp2,3,[H:3][C:1]#[N:2],,
0,0.10177044953424529,RESP2,b3lyp-d3bj/dzvp,1.0,0.35000000000000003,C,resp2,1,[H:3][C:1]#[N:2],,
1,-0.35319899422021145,RESP2,b3lyp-d3bj/dzvp,1.0,0.35000000000000003,N,resp2,2,[H:3][C:1]#[N:2],,
2,0.2514285446859662,RESP2,b3lyp-d3bj/dzvp,1.0,0.35000000000000003,H,resp2,3,[H:3][C:1]#[N:2],,
0,0.10600248192101104,RESP2,b3lyp-d3bj/dzvp,1.0,0.4,C,resp2,1,[H:3][C:1]#[N:2],,
1,-0.3587038342435796,RESP2,b3lyp-d3bj/dzvp,1.0,0.4,N,resp2,2,[H:3][C:1]#[N:2],,
2,0.2527013523225686,RESP2,b3lyp-d3bj/dzvp,1.0,0.4,H,resp2,3,[H:3][C:1]#[N:2],,
0,0.11023451430777682,RESP2,b3lyp-d3bj/dzvp,1.0,0.45,C,resp2,1,[H:3][C:1]#[N:2],,
1,-0.3642086742669477,RESP2,b3lyp-d3bj/dzvp,1.0,0.45,N,resp2,2,[H:3][C:1]#[N:2],,
2,0.2539741599591709,RESP2,b3lyp-d3bj/dzvp,1.0,0.45,H,resp2,3,[H:3][C:1]#[N:2],,
0,0.1144665466945426,RESP2,b3lyp-d3bj/dzvp,1.0,0.5,C,resp2,1,[H:3][C:1]#[N:2],,
1,-0.36971351429031574,RESP2,b3lyp-d3bj/dzvp,1.0,0.5,N,resp2,2,[H:3][C:1]#[N:2],,
2,0.2552469675957732,RESP2,b3lyp-d3bj/dzvp,1.0,0.5,H,resp2,3,[H:3][C:1]#[N:2],,
0,0.11869857908130838,RESP2,b3lyp-d3bj/dzvp,1.0,0.55,C,resp2,1,[H:3][C:1]#[N:2],,
1,-0.37521835431368383,RESP2,b3lyp-d3bj/dzvp,1.0,0.55,N,resp2,2,[H:3][C:1]#[N:2],,
2,0.2565197752323755,RESP2,b3lyp-d3bj/dzvp,1.0,0.55,H,resp2,3,[H:3][C:1]#[N:2],,
0,0.12293061146807413,RESP2,b3lyp-d3bj/dzvp,1.0,0.6000000000000001,C,resp2,1,[H:3][C:1]#[N:2],,
1,-0.38072319433705193,RESP2,b3lyp-d3bj/dzvp,1.0,0.6000000000000001,N,resp2,2,[H:3][C:1]#[N:2],,
2,0.2577925828689778,RESP2,b3lyp-d3bj/dzvp,1.0,0.6000000000000001,H,resp2,3,[H:3][C:1]#[N:2],,
0,0.12716264385483989,RESP2,b3lyp-d3bj/dzvp,1.0,0.65,C,resp2,1,[H:3][C:1]#[N:2],,
1,-0.38622803436042,RESP2,b3lyp-d3bj/dzvp,1.0,0.65,N,resp2,2,[H:3][C:1]#[N:2],,
2,0.25906539050558014,RESP2,b3lyp-d3bj/dzvp,1.0,0.65,H,resp2,3,[H:3][C:1]#[N:2],,
0,0.13139467624160567,RESP2,b3lyp-d3bj/dzvp,1.0,0.7000000000000001,C,resp2,1,[H:3][C:1]#[N:2],,
1,-0.3917328743837881,RESP2,b3lyp-d3bj/dzvp,1.0,0.7000000000000001,N,resp2,2,[H:3][C:1]#[N:2],,
2,0.26033819814218245,RESP2,b3lyp-d3bj/dzvp,1.0,0.7000000000000001,H,resp2,3,[H:3][C:1]#[N:2],,
0,0.13562670862837145,RESP2,b3lyp-d3bj/dzvp,1.0,0.75,C,resp2,1,[H:3][C:1]#[N:2],,
1,-0.3972377144071563,RESP2,b3lyp-d3bj/dzvp,1.0,0.75,N,resp2,2,[H:3][C:1]#[N:2],,
2,0.26161100577878477,RESP2,b3lyp-d3bj/dzvp,1.0,0.75,H,resp2,3,[H:3][C:1]#[N:2],,
0,0.1398587410151372,RESP2,b3lyp-d3bj/dzvp,1.0,0.8,C,resp2,1,[H:3][C:1]#[N:2],,
1,-0.4027425544305243,RESP2,b3lyp-d3bj/dzvp,1.0,0.8,N,resp2,2,[H:3][C:1]#[N:2],,
2,0.26288381341538714,RESP2,b3lyp-d3bj/dzvp,1.0,0.8,H,resp2,3,[H:3][C:1]#[N:2],,
0,0.144090773401903,RESP2,b3lyp-d3bj/dzvp,1.0,0.8500000000000001,C,resp2,1,[H:3][C:1]#[N:2],,
1,-0.4082473944538924,RESP2,b3lyp-d3bj/dzvp,1.0,0.8500000000000001,N,resp2,2,[H:3][C:1]#[N:2],,
2,0.26415662105198945,RESP2,b3lyp-d3bj/dzvp,1.0,0.8500000000000001,H,resp2,3,[H:3][C:1]#[N:2],,
0,0.14832280578866872,RESP2,b3lyp-d3bj/dzvp,1.0,0.9,C,resp2,1,[H:3][C:1]#[N:2],,
1,-0.41375223447726045,RESP2,b3lyp-d3bj/dzvp,1.0,0.9,N,resp2,2,[H:3][C:1]#[N:2],,
2,0.26542942868859176,RESP2,b3lyp-d3bj/dzvp,1.0,0.9,H,resp2,3,[H:3][C:1]#[N:2],,
0,0.15255483817543453,RESP2,b3lyp-d3bj/dzvp,1.0,0.9500000000000001,C,resp2,1,[H:3][C:1]#[N:2],,
1,-0.4192570745006286,RESP2,b3lyp-d3bj/dzvp,1.0,0.9500000000000001,N,resp2,2,[H:3][C:1]#[N:2],,
2,0.2667022363251941,RESP2,b3lyp-d3bj/dzvp,1.0,0.9500000000000001,H,resp2,3,[H:3][C:1]#[N:2],,
0,0.15678687056220028,RESP2,b3lyp-d3bj/dzvp,1.0,1.0,C,resp2,1,[H:3][C:1]#[N:2],,
1,-0.4247619145239967,RESP2,b3lyp-d3bj/dzvp,1.0,1.0,N,resp2,2,[H:3][C:1]#[N:2],,
2,0.2679750439617964,RESP2,b3lyp-d3bj/dzvp,1.0,1.0,H,resp2,3,[H:3][C:1]#[N:2],,
0,0.0721462228266,RESP2,b3lyp-d3bj/dzvp,,0.0,C,resp2,1,[H:3][C:1]#[N:2],,
1,-0.31466511405655606,RESP2,b3lyp-d3bj/dzvp,,0.0,N,resp2,2,[H:3][C:1]#[N:2],,
2,0.24251889122995607,RESP2,b3lyp-d3bj/dzvp,,0.0,H,resp2,3,[H:3][C:1]#[N:2],,
0,0.07637825521332632,RESP2,b3lyp-d3bj/dzvp,,0.05,C,resp2,1,[H:3][C:1]#[N:2],,
1,-0.3201699540799139,RESP2,b3lyp-d3bj/dzvp,,0.05,N,resp2,2,[H:3][C:1]#[N:2],,
2,0.24379169886658755,RESP2,b3lyp-d3bj/dzvp,,0.05,H,resp2,3,[H:3][C:1]#[N:2],,
0,0.08061028760005269,RESP2,b3lyp-d3bj/dzvp,,0.1,C,resp2,1,[H:3][C:1]#[N:2],,
1,-0.3256747941032717,RESP2,b3lyp-d3bj/dzvp,,0.1,N,resp2,2,[H:3][C:1]#[N:2],,
2,0.24506450650321904,RESP2,b3lyp-d3bj/dzvp,,0.1,H,resp2,3,[H:3][C:1]#[N:2],,
0,0.08484231998677899,RESP2,b3lyp-d3bj/dzvp,,0.15000000000000002,C,resp2,1,[H:3][C:1]#[N:2],,
1,-0.33117963412662954,RESP2,b3lyp-d3bj/dzvp,,0.15000000000000002,N,resp2,2,[H:3][C:1]#[N:2],,
2,0.24633731413985052,RESP2,b3lyp-d3bj/dzvp,,0.15000000000000002,H,resp2,3,[H:3][C:1]#[N:2],,
0,0.08907435237350533,RESP2,b3lyp-d3bj/dzvp,,0.2,C,resp2,1,[H:3][C:1]#[N:2],,
1,-0.33668447414998737,RESP2,b3lyp-d3bj/dzvp,,0.2,N,resp2,2,[H:3][C:1]#[N:2],,
2,0.247610121776482,RESP2,b3lyp-d3bj/dzvp,,0.2,H,resp2,3,[H:3][C:1]#[N:2],,
0,0.09330638476023165,RESP2,b3lyp-d3bj/dzvp,,0.25,C,resp2,1,[H:3][C:1]#[N:2],,
1,-0.34218931417334514,RESP2,b3lyp-d3bj/dzvp,,0.25,N,resp2,2,[H:3][C:1]#[N:2],,
2,0.2488829294131135,RESP2,b3lyp-d3bj/dzvp,,0.25,H,resp2,3,[H:3][C:1]#[N:2],,
0,0.09753841714695799,RESP2,b3lyp-d3bj/dzvp,,0.30000000000000004,C,resp2,1,[H:3][C:1]#[N:2],,
1,-0.3476941541967029,RESP2,b3lyp-d3bj/dzvp,,0.30000000000000004,N,resp2,2,[H:3][C:1]#[N:2],,
2,0.2501557370497449,RESP2,b3lyp-d3bj/dzvp,,0.30000000000000004,H,resp2,3,[H:3][C:1]#[N:2],,
0,0.10177044953368432,RESP2,b3lyp-d3bj/dzvp,,0.35000000000000003,C,resp2,1,[H:3][C:1]#[N:2],,
1,-0.35319899422006074,RESP2,b3lyp-d3bj/dzvp,,0.35000000000000003,N,resp2,2,[H:3][C:1]#[N:2],,
2,0.2514285446863764,RESP2,b3lyp-d3bj/dzvp,,0.35000000000000003,H,resp2,3,[H:3][C:1]#[N:2],,
0,0.10600248192041066,RESP2,b3lyp-d3bj/dzvp,,0.4,C,resp2,1,[H:3][C:1]#[N:2],,
1,-0.3587038342434186,RESP2,b3lyp-d3bj/dzvp,,0.4,N,resp2,2,[H:3][C:1]#[N:2],,
2,0.2527013523230079,RESP2,b3lyp-d3bj/dzvp,,0.4,H,resp2,3,[H:3][C:1]#[N:2],,
0,0.110234514307137,RESP2,b3lyp-d3bj/dzvp,,0.45,C,resp2,1,[H:3][C:1]#[N:2],,
1,-0.36420867426677633,RESP2,b3lyp-d3bj/dzvp,,0.45,N,resp2,2,[H:3][C:1]#[N:2],,
2,0.2539741599596394,RESP2,b3lyp-d3bj/dzvp,,0.45,H,resp2,3,[H:3][C:1]#[N:2],,
0,0.1144665466938633,RESP2,b3lyp-d3bj/dzvp,,0.5,C,resp2,1,[H:3][C:1]#[N:2],,
1,-0.36971351429013416,RESP2,b3lyp-d3bj/dzvp,,0.5,N,resp2,2,[H:3][C:1]#[N:2],,
2,0.25524696759627086,RESP2,b3lyp-d3bj/dzvp,,0.5,H,resp2,3,[H:3][C:1]#[N:2],,
0,0.11869857908058966,RESP2,b3lyp-d3bj/dzvp,,0.55,C,resp2,1,[H:3][C:1]#[N:2],,
1,-0.37521835431349204,RESP2,b3lyp-d3bj/dzvp,,0.55,N,resp2,2,[H:3][C:1]#[N:2],,
2,0.2565197752329023,RESP2,b3lyp-d3bj/dzvp,,0.55,H,resp2,3,[H:3][C:1]#[N:2],,
0,0.12293061146731597,RESP2,b3lyp-d3bj/dzvp,,0.6000000000000001,C,resp2,1,[H:3][C:1]#[N:2],,
1,-0.3807231943368498,RESP2,b3lyp-d3bj/dzvp,,0.6000000000000001,N,resp2,2,[H:3][C:1]#[N:2],,
2,0.2577925828695338,RESP2,b3lyp-d3bj/dzvp,,0.6000000000000001,H,resp2,3,[H:3][C:1]#[N:2],,
0,0.1271626438540423,RESP2,b3lyp-d3bj/dzvp,,0.65,C,resp2,1,[H:3][C:1]#[N:2],,
1,-0.3862280343602076,RESP2,b3lyp-d3bj/dzvp,,0.65,N,resp2,2,[H:3][C:1]#[N:2],,
2,0.2590653905061653,RESP2,b3lyp-d3bj/dzvp,,0.65,H,resp2,3,[H:3][C:1]#[N:2],,
0,0.13139467624076867,RESP2,b3lyp-d3bj/dzvp,,0.7000000000000001,C,resp2,1,[H:3][C:1]#[N:2],,
1,-0.39173287438356547,RESP2,b3lyp-d3bj/dzvp,,0.7000000000000001,N,resp2,2,[H:3][C:1]#[N:2],,
2,0.26033819814279674,RESP2,b3lyp-d3bj/dzvp,,0.7000000000000001,H,resp2,3,[H:3][C:1]#[N:2],,
0,0.13562670862749499,RESP2,b3lyp-d3bj/dzvp,,0.75,C,resp2,1,[H:3][C:1]#[N:2],,
1,-0.39723771440692324,RESP2,b3lyp-d3bj/dzvp,,0.75,N,resp2,2,[H:3][C:1]#[N:2],,
2,0.26161100577942825,RESP2,b3lyp-d3bj/dzvp,,0.75,H,resp2,3,[H:3][C:1]#[N:2],,
0,0.13985874101422133,RESP2,b3lyp-d3bj/dzvp,,0.8,C,resp2,1,[H:3][C:1]#[N:2],,
1,-0.40274255443028106,RESP2,b3lyp-d3bj/dzvp,,0.8,N,resp2,2,[H:3][C:1]#[N:2],,
2,0.2628838134160597,RESP2,b3lyp-d3bj/dzvp,,0.8,H,resp2,3,[H:3][C:1]#[N:2],,
0,0.1440907734009476,RESP2,b3lyp-d3bj/dzvp,,0.8500000000000001,C,resp2,1,[H:3][C:1]#[N:2],,
1,-0.40824739445363883,RESP2,b3lyp-d3bj/dzvp,,0.8500000000000001,N,resp2,2,[H:3][C:1]#[N:2],,
2,0.2641566210526912,RESP2,b3lyp-d3bj/dzvp,,0.8500000000000001,H,resp2,3,[H:3][C:1]#[N:2],,
0,0.14832280578767398,RESP2,b3lyp-d3bj/dzvp,,0.9,C,resp2,1,[H:3][C:1]#[N:2],,
1,-0.41375223447699666,RESP2,b3lyp-d3bj/dzvp,,0.9,N,resp2,2,[H:3][C:1]#[N:2],,
2,0.2654294286893227,RESP2,b3lyp-d3bj/dzvp,,0.9,H,resp2,3,[H:3][C:1]#[N:2],,
0,0.15255483817440027,RESP2,b3lyp-d3bj/dzvp,,0.9500000000000001,C,resp2,1,[H:3][C:1]#[N:2],,
1,-0.41925707450035443,RESP2,b3lyp-d3bj/dzvp,,0.9500000000000001,N,resp2,2,[H:3][C:1]#[N:2],,
2,0.26670223632595413,RESP2,b3lyp-d3bj/dzvp,,0.9500000000000001,H,resp2,3,[H:3][C:1]#[N:2],,
0,0.1567868705611266,RESP2,b3lyp-d3bj/dzvp,,1.0,C,resp2,1,[H:3][C:1]#[N:2],,
1,-0.42476191452371226,RESP2,b3lyp-d3bj/dzvp,,1.0,N,resp2,2,[H:3][C:1]#[N:2],,
2,0.26797504396258565,RESP2,b3lyp-d3bj/dzvp,,1.0,H,resp2,3,[H:3][C:1]#[N:2],,
0,0.08914253412348987,RESP2,PW6B95/cc-pV(D+d)Z,1.0,0.0,C,hf,1,[H:3][C:1]#[N:2],,
1,-0.30214946404934717,RESP2,PW6B95/cc-pV(D+d)Z,1.0,0.0,N,hf,2,[H:3][C:1]#[N:2],,
2,0.21300692992585732,RESP2,PW6B95/cc-pV(D+d)Z,1.0,0.0,H,hf,3,[H:3][C:1]#[N:2],,
0,0.09242967575365428,RESP2,PW6B95/cc-pV(D+d)Z,1.0,0.05,C,hf,1,[H:3][C:1]#[N:2],,
1,-0.3068032133889228,RESP2,PW6B95/cc-pV(D+d)Z,1.0,0.05,N,hf,2,[H:3][C:1]#[N:2],,
2,0.21437353763526856,RESP2,PW6B95/cc-pV(D+d)Z,1.0,0.05,H,hf,3,[H:3][C:1]#[N:2],,
0,0.09571681738381872,RESP2,PW6B95/cc-pV(D+d)Z,1.0,0.1,C,hf,1,[H:3][C:1]#[N:2],,
1,-0.3114569627284986,RESP2,PW6B95/cc-pV(D+d)Z,1.0,0.1,N,hf,2,[H:3][C:1]#[N:2],,
2,0.21574014534467986,RESP2,PW6B95/cc-pV(D+d)Z,1.0,0.1,H,hf,3,[H:3][C:1]#[N:2],,
0,0.09900395901398314,RESP2,PW6B95/cc-pV(D+d)Z,1.0,0.15000000000000002,C,hf,1,[H:3][C:1]#[N:2],,
1,-0.31611071206807423,RESP2,PW6B95/cc-pV(D+d)Z,1.0,0.15000000000000002,N,hf,2,[H:3][C:1]#[N:2],,
2,0.2171067530540911,RESP2,PW6B95/cc-pV(D+d)Z,1.0,0.15000000000000002,H,hf,3,[H:3][C:1]#[N:2],,
0,0.10229110064414755,RESP2,PW6B95/cc-pV(D+d)Z,1.0,0.2,C,hf,1,[H:3][C:1]#[N:2],,
1,-0.3207644614076499,RESP2,PW6B95/cc-pV(D+d)Z,1.0,0.2,N,hf,2,[H:3][C:1]#[N:2],,
2,0.21847336076350238,RESP2,PW6B95/cc-pV(D+d)Z,1.0,0.2,H,hf,3,[H:3][C:1]#[N:2],,
0,0.10557824227431195,RESP2,PW6B95/cc-pV(D+d)Z,1.0,0.25,C,hf,1,[H:3][C:1]#[N:2],,
1,-0.3254182107472256,RESP2,PW6B95/cc-pV(D+d)Z,1.0,0.25,N,hf,2,[H:3][C:1]#[N:2],,
2,0.21983996847291365,RESP2,PW6B95/cc-pV(D+d)Z,1.0,0.25,H,hf,3,[H:3][C:1]#[N:2],,
0,0.10886538390447638,RESP2,PW6B95/cc-pV(D+d)Z,1.0,0.30000000000000004,C,hf,1,[H:3][C:1]#[N:2],,
1,-0.3300719600868013,RESP2,PW6B95/cc-pV(D+d)Z,1.0,0.30000000000000004,N,hf,2,[H:3][C:1]#[N:2],,
2,0.22120657618232492,RESP2,PW6B95/cc-pV(D+d)Z,1.0,0.30000000000000004,H,hf,3,[H:3][C:1]#[N:2],,
0,0.11215252553464079,RESP2,PW6B95/cc-pV(D+d)Z,1.0,0.35000000000000003,C,hf,1,[H:3][C:1]#[N:2],,
1,-0.33472570942637697,RESP2,PW6B95/cc-pV(D+d)Z,1.0,0.35000000000000003,N,hf,2,[H:3][C:1]#[N:2],,
2,0.22257318389173616,RESP2,PW6B95/cc-pV(D+d)Z,1.0,0.35000000000000003,H,hf,3,[H:3][C:1]#[N:2],,
0,0.11543966716480522,RESP2,PW6B95/cc-pV(D+d)Z,1.0,0.4,C,hf,1,[H:3][C:1]#[N:2],,
1,-0.33937945876595266,RESP2,PW6B95/cc-pV(D+d)Z,1.0,0.4,N,hf,2,[H:3][C:1]#[N:2],,
2,0.22393979160114744,RESP2,PW6B95/cc-pV(D+d)Z,1.0,0.4,H,hf,3,[H:3][C:1]#[N:2],,
0,0.11872680879496965,RESP2,PW6B95/cc-pV(D+d)Z,1.0,0.45,C,hf,1,[H:3][C:1]#[N:2],,
1,-0.34403320810552834,RESP2,PW6B95/cc-pV(D+d)Z,1.0,0.45,N,hf,2,[H:3][C:1]#[N:2],,
2,0.2253063993105587,RESP2,PW6B95/cc-pV(D+d)Z,1.0,0.45,H,hf,3,[H:3][C:1]#[N:2],,
0,0.12201395042513405,RESP2,PW6B95/cc-pV(D+d)Z,1.0,0.5,C,hf,1,[H:3][C:1]#[N:2],,
1,-0.34868695744510403,RESP2,PW6B95/cc-pV(D+d)Z,1.0,0.5,N,hf,2,[H:3][C:1]#[N:2],,
2,0.22667300701996998,RESP2,PW6B95/cc-pV(D+d)Z,1.0,0.5,H,hf,3,[H:3][C:1]#[N:2],,
0,0.12530109205529846,RESP2,PW6B95/cc-pV(D+d)Z,1.0,0.55,C,hf,1,[H:3][C:1]#[N:2],,
1,-0.35334070678467966,RESP2,PW6B95/cc-pV(D+d)Z,1.0,0.55,N,hf,2,[H:3][C:1]#[N:2],,
2,0.22803961472938122,RESP2,PW6B95/cc-pV(D+d)Z,1.0,0.55,H,hf,3,[H:3][C:1]#[N:2],,
0,0.12858823368546288,RESP2,PW6B95/cc-pV(D+d)Z,1.0,0.6000000000000001,C,hf,1,[H:3][C:1]#[N:2],,
1,-0.3579944561242554,RESP2,PW6B95/cc-pV(D+d)Z,1.0,0.6000000000000001,N,hf,2,[H:3][C:1]#[N:2],,
2,0.22940622243879252,RESP2,PW6B95/cc-pV(D+d)Z,1.0,0.6000000000000001,H,hf,3,[H:3][C:1]#[N:2],,
0,0.1318753753156273,RESP2,PW6B95/cc-pV(D+d)Z,1.0,0.65,C,hf,1,[H:3][C:1]#[N:2],,
1,-0.3626482054638311,RESP2,PW6B95/cc-pV(D+d)Z,1.0,0.65,N,hf,2,[H:3][C:1]#[N:2],,
2,0.23077283014820377,RESP2,PW6B95/cc-pV(D+d)Z,1.0,0.65,H,hf,3,[H:3][C:1]#[N:2],,
0,0.1351625169457917,RESP2,PW6B95/cc-pV(D+d)Z,1.0,0.7000000000000001,C,hf,1,[H:3][C:1]#[N:2],,
1,-0.3673019548034067,RESP2,PW6B95/cc-pV(D+d)Z,1.0,0.7000000000000001,N,hf,2,[H:3][C:1]#[N:2],,
2,0.232139437857615,RESP2,PW6B95/cc-pV(D+d)Z,1.0,0.7000000000000001,H,hf,3,[H:3][C:1]#[N:2],,
0,0.13844965857595615,RESP2,PW6B95/cc-pV(D+d)Z,1.0,0.75,C,hf,1,[H:3][C:1]#[N:2],,
1,-0.3719557041429824,RESP2,PW6B95/cc-pV(D+d)Z,1.0,0.75,N,hf,2,[H:3][C:1]#[N:2],,
2,0.23350604556702628,RESP2,PW6B95/cc-pV(D+d)Z,1.0,0.75,H,hf,3,[H:3][C:1]#[N:2],,
0,0.14173680020612056,RESP2,PW6B95/cc-pV(D+d)Z,1.0,0.8,C,hf,1,[H:3][C:1]#[N:2],,
1,-0.37660945348255814,RESP2,PW6B95/cc-pV(D+d)Z,1.0,0.8,N,hf,2,[H:3][C:1]#[N:2],,
2,0.23487265327643755,RESP2,PW6B95/cc-pV(D+d)Z,1.0,0.8,H,hf,3,[H:3][C:1]#[N:2],,
0,0.145023941836285,RESP2,PW6B95/cc-pV(D+d)Z,1.0,0.8500000000000001,C,hf,1,[H:3][C:1]#[N:2],,
1,-0.38126320282213383,RESP2,PW6B95/cc-pV(D+d)Z,1.0,0.8500000000000001,N,hf,2,[H:3][C:1]#[N:2],,
2,0.23623926098584885,RESP2,PW6B95/cc-pV(D+d)Z,1.0,0.8500000000000001,H,hf,3,[H:3][C:1]#[N:2],,
0,0.1483110834664494,RESP2,PW6B95/cc-pV(D+d)Z,1.0,0.9,C,hf,1,[H:3][C:1]#[N:2],,
1,-0.38591695216170946,RESP2,PW6B95/cc-pV(D+d)Z,1.0,0.9,N,hf,2,[H:3][C:1]#[N:2],,
2,0.23760586869526007,RESP2,PW6B95/cc-pV(D+d)Z,1.0,0.9,H,hf,3,[H:3][C:1]#[N:2],,
0,0.1515982250966138,RESP2,PW6B95/cc-pV(D+d)Z,1.0,0.9500000000000001,C,hf,1,[H:3][C:1]#[N:2],,
1,-0.39057070150128514,RESP2,PW6B95/cc-pV(D+d)Z,1.0,0.9500000000000001,N,hf,2,[H:3][C:1]#[N:2],,
2,0.23897247640467134,RESP2,PW6B95/cc-pV(D+d)Z,1.0,0.9500000000000001,H,hf,3,[H:3][C:1]#[N:2],,
0,0.15488536672677822,RESP2,PW6B95/cc-pV(D+d)Z,1.0,1.0,C,hf,1,[H:3][C:1]#[N:2],,
1,-0.39522445084086083,RESP2,PW6B95/cc-pV(D+d)Z,1.0,1.0,N,hf,2,[H:3][C:1]#[N:2],,
2,0.2403390841140826,RESP2,PW6B95/cc-pV(D+d)Z,1.0,1.0,H,hf,3,[H:3][C:1]#[N:2],,
0,0.08914253412351865,RESP2,PW6B95/cc-pV(D+d)Z,,0.0,C,hf,1,[H:3][C:1]#[N:2],,
1,-0.3021494640493708,RESP2,PW6B95/cc-pV(D+d)Z,,0.0,N,hf,2,[H:3][C:1]#[N:2],,
2,0.21300692992585213,RESP2,PW6B95/cc-pV(D+d)Z,,0.0,H,hf,3,[H:3][C:1]#[N:2],,
0,0.09242967575368465,RESP2,PW6B95/cc-pV(D+d)Z,,0.05,C,hf,1,[H:3][C:1]#[N:2],,
1,-0.30680321338894917,RESP2,PW6B95/cc-pV(D+d)Z,,0.05,N,hf,2,[H:3][C:1]#[N:2],,
2,0.2143735376352645,RESP2,PW6B95/cc-pV(D+d)Z,,0.05,H,hf,3,[H:3][C:1]#[N:2],,
0,0.09571681738385063,RESP2,PW6B95/cc-pV(D+d)Z,,0.1,C,hf,1,[H:3][C:1]#[N:2],,
1,-0.3114569627285275,RESP2,PW6B95/cc-pV(D+d)Z,,0.1,N,hf,2,[H:3][C:1]#[N:2],,
2,0.21574014534467692,RESP2,PW6B95/cc-pV(D+d)Z,,0.1,H,hf,3,[H:3][C:1]#[N:2],,
0,0.09900395901401661,RESP2,PW6B95/cc-pV(D+d)Z,,0.15000000000000002,C,hf,1,[H:3][C:1]#[N:2],,
1,-0.3161107120681059,RESP2,PW6B95/cc-pV(D+d)Z,,0.15000000000000002,N,hf,2,[H:3][C:1]#[N:2],,
2,0.21710675305408933,RESP2,PW6B95/cc-pV(D+d)Z,,0.15000000000000002,H,hf,3,[H:3][C:1]#[N:2],,
0,0.10229110064418258,RESP2,PW6B95/cc-pV(D+d)Z,,0.2,C,hf,1,[H:3][C:1]#[N:2],,
1,-0.32076446140768433,RESP2,PW6B95/cc-pV(D+d)Z,,0.2,N,hf,2,[H:3][C:1]#[N:2],,
2,0.21847336076350174,RESP2,PW6B95/cc-pV(D+d)Z,,0.2,H,hf,3,[H:3][C:1]#[N:2],,
0,0.10557824227434857,RESP2,PW6B95/cc-pV(D+d)Z,,0.25,C,hf,1,[H:3][C:1]#[N:2],,
1,-0.3254182107472627,RESP2,PW6B95/cc-pV(D+d)Z,,0.25,N,hf,2,[H:3][C:1]#[N:2],,
2,0.2198399684729141,RESP2,PW6B95/cc-pV(D+d)Z,,0.25,H,hf,3,[H:3][C:1]#[N:2],,
0,0.10886538390451456,RESP2,PW6B95/cc-pV(D+d)Z,,0.30000000000000004,C,hf,1,[H:3][C:1]#[N:2],,
1,-0.3300719600868411,RESP2,PW6B95/cc-pV(D+d)Z,,0.30000000000000004,N,hf,2,[H:3][C:1]#[N:2],,
2,0.2212065761823265,RESP2,PW6B95/cc-pV(D+d)Z,,0.30000000000000004,H,hf,3,[H:3][C:1]#[N:2],,
0,0.11215252553468054,RESP2,PW6B95/cc-pV(D+d)Z,,0.35000000000000003,C,hf,1,[H:3][C:1]#[N:2],,
1,-0.3347257094264194,RESP2,PW6B95/cc-pV(D+d)Z,,0.35000000000000003,N,hf,2,[H:3][C:1]#[N:2],,
2,0.22257318389173886,RESP2,PW6B95/cc-pV(D+d)Z,,0.35000000000000003,H,hf,3,[H:3][C:1]#[N:2],,
0,0.11543966716484655,RESP2,PW6B95/cc-pV(D+d)Z,,0.4,C,hf,1,[H:3][C:1]#[N:2],,
1,-0.3393794587659978,RESP2,PW6B95/cc-pV(D+d)Z,,0.4,N,hf,2,[H:3][C:1]#[N:2],,
2,0.22393979160115127,RESP2,PW6B95/cc-pV(D+d)Z,,0.4,H,hf,3,[H:3][C:1]#[N:2],,
0,0.11872680879501252,RESP2,PW6B95/cc-pV(D+d)Z,,0.45,C,hf,1,[H:3][C:1]#[N:2],,
1,-0.34403320810557614,RESP2,PW6B95/cc-pV(D+d)Z,,0.45,N,hf,2,[H:3][C:1]#[N:2],,
2,0.22530639931056365,RESP2,PW6B95/cc-pV(D+d)Z,,0.45,H,hf,3,[H:3][C:1]#[N:2],,
0,0.12201395042517849,RESP2,PW6B95/cc-pV(D+d)Z,,0.5,C,hf,1,[H:3][C:1]#[N:2],,
1,-0.34868695744515454,RESP2,PW6B95/cc-pV(D+d)Z,,0.5,N,hf,2,[H:3][C:1]#[N:2],,
2,0.22667300701997606,RESP2,PW6B95/cc-pV(D+d)Z,,0.5,H,hf,3,[H:3][C:1]#[N:2],,
0,0.12530109205534448,RESP2,PW6B95/cc-pV(D+d)Z,,0.55,C,hf,1,[H:3][C:1]#[N:2],,
1,-0.35334070678473295,RESP2,PW6B95/cc-pV(D+d)Z,,0.55,N,hf,2,[H:3][C:1]#[N:2],,
2,0.22803961472938844,RESP2,PW6B95/cc-pV(D+d)Z,,0.55,H,hf,3,[H:3][C:1]#[N:2],,
0,0.12858823368551045,RESP2,PW6B95/cc-pV(D+d)Z,,0.6000000000000001,C,hf,1,[H:3][C:1]#[N:2],,
1,-0.3579944561243113,RESP2,PW6B95/cc-pV(D+d)Z,,0.6000000000000001,N,hf,2,[H:3][C:1]#[N:2],,
2,0.22940622243880085,RESP2,PW6B95/cc-pV(D+d)Z,,0.6000000000000001,H,hf,3,[H:3][C:1]#[N:2],,
0,0.13187537531567645,RESP2,PW6B95/cc-pV(D+d)Z,,0.65,C,hf,1,[H:3][C:1]#[N:2],,
1,-0.36264820546388965,RESP2,PW6B95/cc-pV(D+d)Z,,0.65,N,hf,2,[H:3][C:1]#[N:2],,
2,0.23077283014821323,RESP2,PW6B95/cc-pV(D+d)Z,,0.65,H,hf,3,[H:3][C:1]#[N:2],,
0,0.13516251694584241,RESP2,PW6B95/cc-pV(D+d)Z,,0.7000000000000001,C,hf,1,[H:3][C:1]#[N:2],,
1,-0.36730195480346806,RESP2,PW6B95/cc-pV(D+d)Z,,0.7000000000000001,N,hf,2,[H:3][C:1]#[N:2],,
2,0.2321394378576256,RESP2,PW6B95/cc-pV(D+d)Z,,0.7000000000000001,H,hf,3,[H:3][C:1]#[N:2],,
0,0.13844965857600838,RESP2,PW6B95/cc-pV(D+d)Z,,0.75,C,hf,1,[H:3][C:1]#[N:2],,
1,-0.3719557041430464,RESP2,PW6B95/cc-pV(D+d)Z,,0.75,N,hf,2,[H:3][C:1]#[N:2],,
2,0.233506045567038,RESP2,PW6B95/cc-pV(D+d)Z,,0.75,H,hf,3,[H:3][C:1]#[N:2],,
0,0.1417368002061744,RESP2,PW6B95/cc-pV(D+d)Z,,0.8,C,hf,1,[H:3][C:1]#[N:2],,
1,-0.3766094534826248,RESP2,PW6B95/cc-pV(D+d)Z,,0.8,N,hf,2,[H:3][C:1]#[N:2],,
2,0.2348726532764504,RESP2,PW6B95/cc-pV(D+d)Z,,0.8,H,hf,3,[H:3][C:1]#[N:2],,
0,0.14502394183634038,RESP2,PW6B95/cc-pV(D+d)Z,,0.8500000000000001,C,hf,1,[H:3][C:1]#[N:2],,
1,-0.38126320282220316,RESP2,PW6B95/cc-pV(D+d)Z,,0.8500000000000001,N,hf,2,[H:3][C:1]#[N:2],,
2,0.2362392609858628,RESP2,PW6B95/cc-pV(D+d)Z,,0.8500000000000001,H,hf,3,[H:3][C:1]#[N:2],,
0,0.14831108346650634,RESP2,PW6B95/cc-pV(D+d)Z,,0.9,C,hf,1,[H:3][C:1]#[N:2],,
1,-0.3859169521617815,RESP2,PW6B95/cc-pV(D+d)Z,,0.9,N,hf,2,[H:3][C:1]#[N:2],,
2,0.23760586869527517,RESP2,PW6B95/cc-pV(D+d)Z,,0.9,H,hf,3,[H:3][C:1]#[N:2],,
0,0.15159822509667234,RESP2,PW6B95/cc-pV(D+d)Z,,0.9500000000000001,C,hf,1,[H:3][C:1]#[N:2],,
1,-0.3905707015013599,RESP2,PW6B95/cc-pV(D+d)Z,,0.9500000000000001,N,hf,2,[H:3][C:1]#[N:2],,
2,0.23897247640468758,RESP2,PW6B95/cc-pV(D+d)Z,,0.9500000000000001,H,hf,3,[H:3][C:1]#[N:2],,
0,0.1548853667268383,RESP2,PW6B95/cc-pV(D+d)Z,,1.0,C,hf,1,[H:3][C:1]#[N:2],,
1,-0.39522445084093827,RESP2,PW6B95/cc-pV(D+d)Z,,1.0,N,hf,2,[H:3][C:1]#[N:2],,
2,0.24033908411409996,RESP2,PW6B95/cc-pV(D+d)Z,,1.0,H,hf,3,[H:3][C:1]#[N:2],,
0,0.0838148319911935,RESP2,PW6B95/cc-pV(D+d)Z,1.0,0.0,C,resp2,1,[H:3][C:1]#[N:2],,
1,-0.3006500197350353,RESP2,PW6B95/cc-pV(D+d)Z,1.0,0.0,N,resp2,2,[H:3][C:1]#[N:2],,
2,0.21683518774384178,RESP2,PW6B95/cc-pV(D+d)Z,1.0,0.0,H,resp2,3,[H:3][C:1]#[N:2],,
0,0.08710103396483353,RESP2,PW6B95/cc-pV(D+d)Z,1.0,0.05,C,resp2,1,[H:3][C:1]#[N:2],,
1,-0.30531759886920556,RESP2,PW6B95/cc-pV(D+d)Z,1.0,0.05,N,resp2,2,[H:3][C:1]#[N:2],,
2,0.21821656490437205,RESP2,PW6B95/cc-pV(D+d)Z,1.0,0.05,H,resp2,3,[H:3][C:1]#[N:2],,
0,0.09038723593847355,RESP2,PW6B95/cc-pV(D+d)Z,1.0,0.1,C,resp2,1,[H:3][C:1]#[N:2],,
1,-0.3099851780033759,RESP2,PW6B95/cc-pV(D+d)Z,1.0,0.1,N,resp2,2,[H:3][C:1]#[N:2],,
2,0.21959794206490235,RESP2,PW6B95/cc-pV(D+d)Z,1.0,0.1,H,resp2,3,[H:3][C:1]#[N:2],,
0,0.09367343791211354,RESP2,PW6B95/cc-pV(D+d)Z,1.0,0.15000000000000002,C,resp2,1,[H:3][C:1]#[N:2],,
1,-0.31465275713754615,RESP2,PW6B95/cc-pV(D+d)Z,1.0,0.15000000000000002,N,resp2,2,[H:3][C:1]#[N:2],,
2,0.2209793192254326,RESP2,PW6B95/cc-pV(D+d)Z,1.0,0.15000000000000002,H,resp2,3,[H:3][C:1]#[N:2],,
0,0.09695963988575353,RESP2,PW6B95/cc-pV(D+d)Z,1.0,0.2,C,resp2,1,[H:3][C:1]#[N:2],,
1,-0.31932033627171647,RESP2,PW6B95/cc-pV(D+d)Z,1.0,0.2,N,resp2,2,[H:3][C:1]#[N:2],,
2,0.22236069638596292,RESP2,PW6B95/cc-pV(D+d)Z,1.0,0.2,H,resp2,3,[H:3][C:1]#[N:2],,
0,0.10024584185939357,RESP2,PW6B95/cc-pV(D+d)Z,1.0,0.25,C,resp2,1,[H:3][C:1]#[N:2],,
1,-0.32398791540588673,RESP2,PW6B95/cc-pV(D+d)Z,1.0,0.25,N,resp2,2,[H:3][C:1]#[N:2],,
2,0.22374207354649317,RESP2,PW6B95/cc-pV(D+d)Z,1.0,0.25,H,resp2,3,[H:3][C:1]#[N:2],,
0,0.10353204383303355,RESP2,PW6B95/cc-pV(D+d)Z,1.0,0.30000000000000004,C,resp2,1,[H:3][C:1]#[N:2],,
1,-0.32865549454005705,RESP2,PW6B95/cc-pV(D+d)Z,1.0,0.30000000000000004,N,resp2,2,[H:3][C:1]#[N:2],,
2,0.22512345070702347,RESP2,PW6B95/cc-pV(D+d)Z,1.0,0.30000000000000004,H,resp2,3,[H:3][C:1]#[N:2],,
0,0.10681824580667355,RESP2,PW6B95/cc-pV(D+d)Z,1.0,0.35000000000000003,C,resp2,1,[H:3][C:1]#[N:2],,
1,-0.3333230736742273,RESP2,PW6B95/cc-pV(D+d)Z,1.0,0.35000000000000003,N,resp2,2,[H:3][C:1]#[N:2],,
2,0.22650482786755374,RESP2,PW6B95/cc-pV(D+d)Z,1.0,0.35000000000000003,H,resp2,3,[H:3][C:1]#[N:2],,
0,0.11010444778031359,RESP2,PW6B95/cc-pV(D+d)Z,1.0,0.4,C,resp2,1,[H:3][C:1]#[N:2],,
1,-0.3379906528083976,RESP2,PW6B95/cc-pV(D+d)Z,1.0,0.4,N,resp2,2,[H:3][C:1]#[N:2],,
2,0.22788620502808402,RESP2,PW6B95/cc-pV(D+d)Z,1.0,0.4,H,resp2,3,[H:3][C:1]#[N:2],,
0,0.11339064975395362,RESP2,PW6B95/cc-pV(D+d)Z,1.0,0.45,C,resp2,1,[H:3][C:1]#[N:2],,
1,-0.3426582319425679,RESP2,PW6B95/cc-pV(D+d)Z,1.0,0.45,N,resp2,2,[H:3][C:1]#[N:2],,
2,0.2292675821886143,RESP2,PW6B95/cc-pV(D+d)Z,1.0,0.45,H,resp2,3,[H:3][C:1]#[N:2],,
0,0.11667685172759362,RESP2,PW6B95/cc-pV(D+d)Z,1.0,0.5,C,resp2,1,[H:3][C:1]#[N:2],,
1,-0.3473258110767382,RESP2,PW6B95/cc-pV(D+d)Z,1.0,0.5,N,resp2,2,[H:3][C:1]#[N:2],,
2,0.2306489593491446,RESP2,PW6B95/cc-pV(D+d)Z,1.0,0.5,H,resp2,3,[H:3][C:1]#[N:2],,
0,0.11996305370123361,RESP2,PW6B95/cc-pV(D+d)Z,1.0,0.55,C,resp2,1,[H:3][C:1]#[N:2],,
1,-0.3519933902109085,RESP2,PW6B95/cc-pV(D+d)Z,1.0,0.55,N,resp2,2,[H:3][C:1]#[N:2],,
2,0.2320303365096749,RESP2,PW6B95/cc-pV(D+d)Z,1.0,0.55,H,resp2,3,[H:3][C:1]#[N:2],,
0,0.12324925567487362,RESP2,PW6B95/cc-pV(D+d)Z,1.0,0.6000000000000001,C,resp2,1,[H:3][C:1]#[N:2],,
1,-0.3566609693450788,RESP2,PW6B95/cc-pV(D+d)Z,1.0,0.6000000000000001,N,resp2,2,[H:3][C:1]#[N:2],,
2,0.23341171367020516,RESP2,PW6B95/cc-pV(D+d)Z,1.0,0.6000000000000001,H,resp2,3,[H:3][C:1]#[N:2],,
0,0.12653545764851362,RESP2,PW6B95/cc-pV(D+d)Z,1.0,0.65,C,resp2,1,[H:3][C:1]#[N:2],,
1,-0.36132854847924906,RESP2,PW6B95/cc-pV(D+d)Z,1.0,0.65,N,resp2,2,[H:3][C:1]#[N:2],,
2,0.23479309083073543,RESP2,PW6B95/cc-pV(D+d)Z,1.0,0.65,H,resp2,3,[H:3][C:1]#[N:2],,
0,0.12982165962215367,RESP2,PW6B95/cc-pV(D+d)Z,1.0,0.7000000000000001,C,resp2,1,[H:3][C:1]#[N:2],,
1,-0.3659961276134194,RESP2,PW6B95/cc-pV(D+d)Z,1.0,0.7000000000000001,N,resp2,2,[H:3][C:1]#[N:2],,
2,0.23617446799126574,RESP2,PW6B95/cc-pV(D+d)Z,1.0,0.7000000000000001,H,resp2,3,[H:3][C:1]#[N:2],,
0,0.13310786159579366,RESP2,PW6B95/cc-pV(D+d)Z,1.0,0.75,C,resp2,1,[H:3][C:1]#[N:2],,
1,-0.37066370674758964,RESP2,PW6B95/cc-pV(D+d)Z,1.0,0.75,N,resp2,2,[H:3][C:1]#[N:2],,
2,0.23755584515179598,RESP2,PW6B95/cc-pV(D+d)Z,1.0,0.75,H,resp2,3,[H:3][C:1]#[N:2],,
0,0.13639406356943365,RESP2,PW6B95/cc-pV(D+d)Z,1.0,0.8,C,resp2,1,[H:3][C:1]#[N:2],,
1,-0.3753312858817599,RESP2,PW6B95/cc-pV(D+d)Z,1.0,0.8,N,resp2,2,[H:3][C:1]#[N:2],,
2,0.23893722231232625,RESP2,PW6B95/cc-pV(D+d)Z,1.0,0.8,H,resp2,3,[H:3][C:1]#[N:2],,
0,0.1396802655430737,RESP2,PW6B95/cc-pV(D+d)Z,1.0,0.8500000000000001,C,resp2,1,[H:3][C:1]#[N:2],,
1,-0.3799988650159302,RESP2,PW6B95/cc-pV(D+d)Z,1.0,0.8500000000000001,N,resp2,2,[H:3][C:1]#[N:2],,
2,0.24031859947285655,RESP2,PW6B95/cc-pV(D+d)Z,1.0,0.8500000000000001,H,resp2,3,[H:3][C:1]#[N:2],,
0,0.1429664675167137,RESP2,PW6B95/cc-pV(D+d)Z,1.0,0.9,C,resp2,1,[H:3][C:1]#[N:2],,
1,-0.38466644415010054,RESP2,PW6B95/cc-pV(D+d)Z,1.0,0.9,N,resp2,2,[H:3][C:1]#[N:2],,
2,0.24169997663338685,RESP2,PW6B95/cc-pV(D+d)Z,1.0,0.9,H,resp2,3,[H:3][C:1]#[N:2],,
0,0.1462526694903537,RESP2,PW6B95/cc-pV(D+d)Z,1.0,0.9500000000000001,C,resp2,1,[H:3][C:1]#[N:2],,
1,-0.38933402328427086,RESP2,PW6B95/cc-pV(D+d)Z,1.0,0.9500000000000001,N,resp2,2,[H:3][C:1]#[N:2],,
2,0.24308135379391713,RESP2,PW6B95/cc-pV(D+d)Z,1.0,0.9500000000000001,H,resp2,3,[H:3][C:1]#[N:2],,
0,0.14953887146399372,RESP2,PW6B95/cc-pV(D+d)Z,1.0,1.0,C,resp2,1,[H:3][C:1]#[N:2],,
1,-0.3940016024184411,RESP2,PW6B95/cc-pV(D+d)Z,1.0,1.0,N,resp2,2,[H:3][C:1]#[N:2],,
2,0.2444627309544474,RESP2,PW6B95/cc-pV(D+d)Z,1.0,1.0,H,resp2,3,[H:3][C:1]#[N:2],,
0,0.08381483199119408,RESP2,PW6B95/cc-pV(D+d)Z,,0.0,C,resp2,1,[H:3][C:1]#[N:2],,
1,-0.3006500197350519,RESP2,PW6B95/cc-pV(D+d)Z,,0.0,N,resp2,2,[H:3][C:1]#[N:2],,
2,0.21683518774385785,RESP2,PW6B95/cc-pV(D+d)Z,,0.0,H,resp2,3,[H:3][C:1]#[N:2],,
0,0.08710103396483238,RESP2,PW6B95/cc-pV(D+d)Z,,0.05,C,resp2,1,[H:3][C:1]#[N:2],,
1,-0.30531759886922427,RESP2,PW6B95/cc-pV(D+d)Z,,0.05,N,resp2,2,[H:3][C:1]#[N:2],,
2,0.2182165649043919,RESP2,PW6B95/cc-pV(D+d)Z,,0.05,H,resp2,3,[H:3][C:1]#[N:2],,
0,0.0903872359384707,RESP2,PW6B95/cc-pV(D+d)Z,,0.1,C,resp2,1,[H:3][C:1]#[N:2],,
1,-0.30998517800339664,RESP2,PW6B95/cc-pV(D+d)Z,,0.1,N,resp2,2,[H:3][C:1]#[N:2],,
2,0.21959794206492597,RESP2,PW6B95/cc-pV(D+d)Z,,0.1,H,resp2,3,[H:3][C:1]#[N:2],,
0,0.09367343791210901,RESP2,PW6B95/cc-pV(D+d)Z,,0.15000000000000002,C,resp2,1,[H:3][C:1]#[N:2],,
1,-0.314652757137569,RESP2,PW6B95/cc-pV(D+d)Z,,0.15000000000000002,N,resp2,2,[H:3][C:1]#[N:2],,
2,0.22097931922546,RESP2,PW6B95/cc-pV(D+d)Z,,0.15000000000000002,H,resp2,3,[H:3][C:1]#[N:2],,
0,0.09695963988574734,RESP2,PW6B95/cc-pV(D+d)Z,,0.2,C,resp2,1,[H:3][C:1]#[N:2],,
1,-0.3193203362717414,RESP2,PW6B95/cc-pV(D+d)Z,,0.2,N,resp2,2,[H:3][C:1]#[N:2],,
2,0.22236069638599407,RESP2,PW6B95/cc-pV(D+d)Z,,0.2,H,resp2,3,[H:3][C:1]#[N:2],,
0,0.10024584185938563,RESP2,PW6B95/cc-pV(D+d)Z,,0.25,C,resp2,1,[H:3][C:1]#[N:2],,
1,-0.32398791540591376,RESP2,PW6B95/cc-pV(D+d)Z,,0.25,N,resp2,2,[H:3][C:1]#[N:2],,
2,0.22374207354652811,RESP2,PW6B95/cc-pV(D+d)Z,,0.25,H,resp2,3,[H:3][C:1]#[N:2],,
0,0.10353204383302393,RESP2,PW6B95/cc-pV(D+d)Z,,0.30000000000000004,C,resp2,1,[H:3][C:1]#[N:2],,
1,-0.3286554945400861,RESP2,PW6B95/cc-pV(D+d)Z,,0.30000000000000004,N,resp2,2,[H:3][C:1]#[N:2],,
2,0.22512345070706216,RESP2,PW6B95/cc-pV(D+d)Z,,0.30000000000000004,H,resp2,3,[H:3][C:1]#[N:2],,
0,0.10681824580666223,RESP2,PW6B95/cc-pV(D+d)Z,,0.35000000000000003,C,resp2,1,[H:3][C:1]#[N:2],,
1,-0.33332307367425845,RESP2,PW6B95/cc-pV(D+d)Z,,0.35000000000000003,N,resp2,2,[H:3][C:1]#[N:2],,
2,0.2265048278675962,RESP2,PW6B95/cc-pV(D+d)Z,,0.35000000000000003,H,resp2,3,[H:3][C:1]#[N:2],,
0,0.11010444778030055,RESP2,PW6B95/cc-pV(D+d)Z,,0.4,C,resp2,1,[H:3][C:1]#[N:2],,
1,-0.3379906528084308,RESP2,PW6B95/cc-pV(D+d)Z,,0.4,N,resp2,2,[H:3][C:1]#[N:2],,
2,0.22788620502813028,RESP2,PW6B95/cc-pV(D+d)Z,,0.4,H,resp2,3,[H:3][C:1]#[N:2],,
0,0.11339064975393887,RESP2,PW6B95/cc-pV(D+d)Z,,0.45,C,resp2,1,[H:3][C:1]#[N:2],,
1,-0.34265823194260325,RESP2,PW6B95/cc-pV(D+d)Z,,0.45,N,resp2,2,[H:3][C:1]#[N:2],,
2,0.22926758218866436,RESP2,PW6B95/cc-pV(D+d)Z,,0.45,H,resp2,3,[H:3][C:1]#[N:2],,
0,0.11667685172757718,RESP2,PW6B95/cc-pV(D+d)Z,,0.5,C,resp2,1,[H:3][C:1]#[N:2],,
1,-0.34732581107677557,RESP2,PW6B95/cc-pV(D+d)Z,,0.5,N,resp2,2,[H:3][C:1]#[N:2],,
2,0.23064895934919838,RESP2,PW6B95/cc-pV(D+d)Z,,0.5,H,resp2,3,[H:3][C:1]#[N:2],,
0,0.11996305370121547,RESP2,PW6B95/cc-pV(D+d)Z,,0.55,C,resp2,1,[H:3][C:1]#[N:2],,
1,-0.35199339021094794,RESP2,PW6B95/cc-pV(D+d)Z,,0.55,N,resp2,2,[H:3][C:1]#[N:2],,
2,0.23203033650973245,RESP2,PW6B95/cc-pV(D+d)Z,,0.55,H,resp2,3,[H:3][C:1]#[N:2],,
0,0.12324925567485379,RESP2,PW6B95/cc-pV(D+d)Z,,0.6000000000000001,C,resp2,1,[H:3][C:1]#[N:2],,
1,-0.35666096934512026,RESP2,PW6B95/cc-pV(D+d)Z,,0.6000000000000001,N,resp2,2,[H:3][C:1]#[N:2],,
2,0.23341171367026647,RESP2,PW6B95/cc-pV(D+d)Z,,0.6000000000000001,H,resp2,3,[H:3][C:1]#[N:2],,
0,0.1265354576484921,RESP2,PW6B95/cc-pV(D+d)Z,,0.65,C,resp2,1,[H:3][C:1]#[N:2],,
1,-0.36132854847929263,RESP2,PW6B95/cc-pV(D+d)Z,,0.65,N,resp2,2,[H:3][C:1]#[N:2],,
2,0.23479309083080055,RESP2,PW6B95/cc-pV(D+d)Z,,0.65,H,resp2,3,[H:3][C:1]#[N:2],,
0,0.1298216596221304,RESP2,PW6B95/cc-pV(D+d)Z,,0.7000000000000001,C,resp2,1,[H:3][C:1]#[N:2],,
1,-0.36599612761346506,RESP2,PW6B95/cc-pV(D+d)Z,,0.7000000000000001,N,resp2,2,[H:3][C:1]#[N:2],,
2,0.23617446799133462,RESP2,PW6B95/cc-pV(D+d)Z,,0.7000000000000001,H,resp2,3,[H:3][C:1]#[N:2],,
0,0.1331078615957687,RESP2,PW6B95/cc-pV(D+d)Z,,0.75,C,resp2,1,[H:3][C:1]#[N:2],,
1,-0.3706637067476374,RESP2,PW6B95/cc-pV(D+d)Z,,0.75,N,resp2,2,[H:3][C:1]#[N:2],,
2,0.23755584515186867,RESP2,PW6B95/cc-pV(D+d)Z,,0.75,H,resp2,3,[H:3][C:1]#[N:2],,
0,0.13639406356940703,RESP2,PW6B95/cc-pV(D+d)Z,,0.8,C,resp2,1,[H:3][C:1]#[N:2],,
1,-0.37533128588180975,RESP2,PW6B95/cc-pV(D+d)Z,,0.8,N,resp2,2,[H:3][C:1]#[N:2],,
2,0.2389372223124027,RESP2,PW6B95/cc-pV(D+d)Z,,0.8,H,resp2,3,[H:3][C:1]#[N:2],,
0,0.13968026554304533,RESP2,PW6B95/cc-pV(D+d)Z,,0.8500000000000001,C,resp2,1,[H:3][C:1]#[N:2],,
1,-0.3799988650159821,RESP2,PW6B95/cc-pV(D+d)Z,,0.8500000000000001,N,resp2,2,[H:3][C:1]#[N:2],,
2,0.24031859947293677,RESP2,PW6B95/cc-pV(D+d)Z,,0.8500000000000001,H,resp2,3,[H:3][C:1]#[N:2],,
0,0.14296646751668363,RESP2,PW6B95/cc-pV(D+d)Z,,0.9,C,resp2,1,[H:3][C:1]#[N:2],,
1,-0.38466644415015444,RESP2,PW6B95/cc-pV(D+d)Z,,0.9,N,resp2,2,[H:3][C:1]#[N:2],,
2,0.24169997663347081,RESP2,PW6B95/cc-pV(D+d)Z,,0.9,H,resp2,3,[H:3][C:1]#[N:2],,
0,0.14625266949032195,RESP2,PW6B95/cc-pV(D+d)Z,,0.9500000000000001,C,resp2,1,[H:3][C:1]#[N:2],,
1,-0.3893340232843268,RESP2,PW6B95/cc-pV(D+d)Z,,0.9500000000000001,N,resp2,2,[H:3][C:1]#[N:2],,
2,0.24308135379400486,RESP2,PW6B95/cc-pV(D+d)Z,,0.9500000000000001,H,resp2,3,[H:3][C:1]#[N:2],,
0,0.14953887146396025,RESP2,PW6B95/cc-pV(D+d)Z,,1.0,C,resp2,1,[H:3][C:1]#[N:2],,
1,-0.3940016024184992,RESP2,PW6B95/cc-pV(D+d)Z,,1.0,N,resp2,2,[H:3][C:1]#[N:2],,
2,0.2444627309545389,RESP2,PW6B95/cc-pV(D+d)Z,,1.0,H,resp2,3,[H:3][C:1]#[N:2],,
0,0.190680002172788,AM1BCC,OpenEye,,,C,,1,[H:3][C:1]#[N:2],1.0,1.0
1,-0.37209000686804455,AM1BCC,OpenEye,,,N,,2,[H:3][C:1]#[N:2],1.0,1.0
2,0.18141000469525656,AM1BCC,OpenEye,,,H,,3,[H:3][C:1]#[N:2],1.0,1.0
0,0.1903,AM1BCC,AmberTools,,,C,,1,[H:3][C:1]#[N:2],1.0,1.0
1,-0.3718,AM1BCC,AmberTools,,,N,,2,[H:3][C:1]#[N:2],1.0,1.0
2,0.1815,AM1BCC,AmberTools,,,H,,3,[H:3][C:1]#[N:2],1.0,1.0
0,0.19078999757766724,AM1BCC,OpenEye,,,C,,1,[H:3][C:1]#[N:2],1.0,2.0
1,-0.3721500039100647,AM1BCC,OpenEye,,,N,,2,[H:3][C:1]#[N:2],1.0,2.0
2,0.18136000633239746,AM1BCC,OpenEye,,,H,,3,[H:3][C:1]#[N:2],1.0,2.0
0,0.1903,AM1BCC,AmberTools,,,C,,1,[H:3][C:1]#[N:2],1.0,2.0
1,-0.3718,AM1BCC,AmberTools,,,N,,2,[H:3][C:1]#[N:2],1.0,2.0
2,0.1815,AM1BCC,AmberTools,,,H,,3,[H:3][C:1]#[N:2],1.0,2.0
0,0.190680002172788,AM1BCC,OpenEye,,,C,,1,[H:3][C:1]#[N:2],2.0,1.0
1,-0.37209000686804455,AM1BCC,OpenEye,,,N,,2,[H:3][C:1]#[N:2],2.0,1.0
2,0.18141000469525656,AM1BCC,OpenEye,,,H,,3,[H:3][C:1]#[N:2],2.0,1.0
0,0.1903,AM1BCC,AmberTools,,,C,,1,[H:3][C:1]#[N:2],2.0,1.0
1,-0.3718,AM1BCC,AmberTools,,,N,,2,[H:3][C:1]#[N:2],2.0,1.0
2,0.1815,AM1BCC,AmberTools,,,H,,3,[H:3][C:1]#[N:2],2.0,1.0
0,0.190680002172788,AM1BCC,OpenEye,,,C,,1,[H:3][C:1]#[N:2],2.0,2.0
1,-0.37209000686804455,AM1BCC,OpenEye,,,N,,2,[H:3][C:1]#[N:2],2.0,2.0
2,0.18141000469525656,AM1BCC,OpenEye,,,H,,3,[H:3][C:1]#[N:2],2.0,2.0
0,0.1903,AM1BCC,AmberTools,,,C,,1,[H:3][C:1]#[N:2],2.0,2.0
1,-0.3718,AM1BCC,AmberTools,,,N,,2,[H:3][C:1]#[N:2],2.0,2.0
2,0.1815,AM1BCC,AmberTools,,,H,,3,[H:3][C:1]#[N:2],2.0,2.0
0,0.190680002172788,AM1BCC,OpenEye,,,C,,1,[H:3][C:1]#[N:2],3.0,1.0
1,-0.37209000686804455,AM1BCC,OpenEye,,,N,,2,[H:3][C:1]#[N:2],3.0,1.0
2,0.18141000469525656,AM1BCC,OpenEye,,,H,,3,[H:3][C:1]#[N:2],3.0,1.0
0,0.1903,AM1BCC,AmberTools,,,C,,1,[H:3][C:1]#[N:2],3.0,1.0
1,-0.3718,AM1BCC,AmberTools,,,N,,2,[H:3][C:1]#[N:2],3.0,1.0
2,0.1815,AM1BCC,AmberTools,,,H,,3,[H:3][C:1]#[N:2],3.0,1.0
0,0.190680002172788,AM1BCC,OpenEye,,,C,,1,[H:3][C:1]#[N:2],3.0,2.0
1,-0.37209000686804455,AM1BCC,OpenEye,,,N,,2,[H:3][C:1]#[N:2],3.0,2.0
2,0.18141000469525656,AM1BCC,OpenEye,,,H,,3,[H:3][C:1]#[N:2],3.0,2.0
0,0.1903,AM1BCC,AmberTools,,,C,,1,[H:3][C:1]#[N:2],3.0,2.0
1,-0.3718,AM1BCC,AmberTools,,,N,,2,[H:3][C:1]#[N:2],3.0,2.0
2,0.1815,AM1BCC,AmberTools,,,H,,3,[H:3][C:1]#[N:2],3.0,2.0
0,0.19075000286102295,AM1BCC,OpenEye,,,C,,1,[H:3][C:1]#[N:2],4.0,1.0
1,-0.372079998254776,AM1BCC,OpenEye,,,N,,2,[H:3][C:1]#[N:2],4.0,1.0
2,0.18132999539375305,AM1BCC,OpenEye,,,H,,3,[H:3][C:1]#[N:2],4.0,1.0
0,0.1903,AM1BCC,AmberTools,,,C,,1,[H:3][C:1]#[N:2],4.0,1.0
1,-0.3718,AM1BCC,AmberTools,,,N,,2,[H:3][C:1]#[N:2],4.0,1.0
2,0.1815,AM1BCC,AmberTools,,,H,,3,[H:3][C:1]#[N:2],4.0,1.0
0,0.19075000286102295,AM1BCC,OpenEye,,,C,,1,[H:3][C:1]#[N:2],4.0,2.0
1,-0.372079998254776,AM1BCC,OpenEye,,,N,,2,[H:3][C:1]#[N:2],4.0,2.0
2,0.18132999539375305,AM1BCC,OpenEye,,,H,,3,[H:3][C:1]#[N:2],4.0,2.0
0,0.1903,AM1BCC,AmberTools,,,C,,1,[H:3][C:1]#[N:2],4.0,2.0
1,-0.3718,AM1BCC,AmberTools,,,N,,2,[H:3][C:1]#[N:2],4.0,2.0
2,0.1815,AM1BCC,AmberTools,,,H,,3,[H:3][C:1]#[N:2],4.0,2.0
0,0.19074000914891562,AM1BCC,OpenEye,,,C,,1,[H:3][C:1]#[N:2],5.0,1.0
1,-0.3720700095097224,AM1BCC,OpenEye,,,N,,2,[H:3][C:1]#[N:2],5.0,1.0
2,0.1813300003608068,AM1BCC,OpenEye,,,H,,3,[H:3][C:1]#[N:2],5.0,1.0
0,0.1903,AM1BCC,AmberTools,,,C,,1,[H:3][C:1]#[N:2],5.0,1.0
1,-0.3718,AM1BCC,AmberTools,,,N,,2,[H:3][C:1]#[N:2],5.0,1.0
2,0.1815,AM1BCC,AmberTools,,,H,,3,[H:3][C:1]#[N:2],5.0,1.0
0,0.19074000914891562,AM1BCC,OpenEye,,,C,,1,[H:3][C:1]#[N:2],5.0,2.0
1,-0.3720700095097224,AM1BCC,OpenEye,,,N,,2,[H:3][C:1]#[N:2],5.0,2.0
2,0.1813300003608068,AM1BCC,OpenEye,,,H,,3,[H:3][C:1]#[N:2],5.0,2.0
0,0.1903,AM1BCC,AmberTools,,,C,,1,[H:3][C:1]#[N:2],5.0,2.0
1,-0.3718,AM1BCC,AmberTools,,,N,,2,[H:3][C:1]#[N:2],5.0,2.0
2,0.1815,AM1BCC,AmberTools,,,H,,3,[H:3][C:1]#[N:2],5.0,2.0
0,0.19074000914891562,AM1BCC,OpenEye,,,C,,1,[H:3][C:1]#[N:2],6.0,1.0
1,-0.3720700095097224,AM1BCC,OpenEye,,,N,,2,[H:3][C:1]#[N:2],6.0,1.0
2,0.1813300003608068,AM1BCC,OpenEye,,,H,,3,[H:3][C:1]#[N:2],6.0,1.0
0,0.1903,AM1BCC,AmberTools,,,C,,1,[H:3][C:1]#[N:2],6.0,1.0
1,-0.3718,AM1BCC,AmberTools,,,N,,2,[H:3][C:1]#[N:2],6.0,1.0
2,0.1815,AM1BCC,AmberTools,,,H,,3,[H:3][C:1]#[N:2],6.0,1.0
0,0.19074000914891562,AM1BCC,OpenEye,,,C,,1,[H:3][C:1]#[N:2],6.0,2.0
1,-0.3720700095097224,AM1BCC,OpenEye,,,N,,2,[H:3][C:1]#[N:2],6.0,2.0
2,0.1813300003608068,AM1BCC,OpenEye,,,H,,3,[H:3][C:1]#[N:2],6.0,2.0
0,0.1903,AM1BCC,AmberTools,,,C,,1,[H:3][C:1]#[N:2],6.0,2.0
1,-0.3718,AM1BCC,AmberTools,,,N,,2,[H:3][C:1]#[N:2],6.0,2.0
2,0.1815,AM1BCC,AmberTools,,,H,,3,[H:3][C:1]#[N:2],6.0,2.0
0,0.19063000877698263,AM1BCC,OpenEye,,,C,,1,[H:3][C:1]#[N:2],7.0,1.0
1,-0.37209000686804455,AM1BCC,OpenEye,,,N,,2,[H:3][C:1]#[N:2],7.0,1.0
2,0.18145999809106192,AM1BCC,OpenEye,,,H,,3,[H:3][C:1]#[N:2],7.0,1.0
0,0.1903,AM1BCC,AmberTools,,,C,,1,[H:3][C:1]#[N:2],7.0,1.0
1,-0.3718,AM1BCC,AmberTools,,,N,,2,[H:3][C:1]#[N:2],7.0,1.0
2,0.1815,AM1BCC,AmberTools,,,H,,3,[H:3][C:1]#[N:2],7.0,1.0
0,0.19063000877698263,AM1BCC,OpenEye,,,C,,1,[H:3][C:1]#[N:2],7.0,2.0
1,-0.37209000686804455,AM1BCC,OpenEye,,,N,,2,[H:3][C:1]#[N:2],7.0,2.0
2,0.18145999809106192,AM1BCC,OpenEye,,,H,,3,[H:3][C:1]#[N:2],7.0,2.0
0,0.1903,AM1BCC,AmberTools,,,C,,1,[H:3][C:1]#[N:2],7.0,2.0
1,-0.3718,AM1BCC,AmberTools,,,N,,2,[H:3][C:1]#[N:2],7.0,2.0
2,0.1815,AM1BCC,AmberTools,,,H,,3,[H:3][C:1]#[N:2],7.0,2.0
0,0.19063000877698263,AM1BCC,OpenEye,,,C,,1,[H:3][C:1]#[N:2],8.0,1.0
1,-0.37209000686804455,AM1BCC,OpenEye,,,N,,2,[H:3][C:1]#[N:2],8.0,1.0
2,0.18145999809106192,AM1BCC,OpenEye,,,H,,3,[H:3][C:1]#[N:2],8.0,1.0
0,0.1903,AM1BCC,AmberTools,,,C,,1,[H:3][C:1]#[N:2],8.0,1.0
1,-0.3718,AM1BCC,AmberTools,,,N,,2,[H:3][C:1]#[N:2],8.0,1.0
2,0.1815,AM1BCC,AmberTools,,,H,,3,[H:3][C:1]#[N:2],8.0,1.0
0,0.19063000877698263,AM1BCC,OpenEye,,,C,,1,[H:3][C:1]#[N:2],8.0,2.0
1,-0.37209000686804455,AM1BCC,OpenEye,,,N,,2,[H:3][C:1]#[N:2],8.0,2.0
2,0.18145999809106192,AM1BCC,OpenEye,,,H,,3,[H:3][C:1]#[N:2],8.0,2.0
0,0.1903,AM1BCC,AmberTools,,,C,,1,[H:3][C:1]#[N:2],8.0,2.0
1,-0.3718,AM1BCC,AmberTools,,,N,,2,[H:3][C:1]#[N:2],8.0,2.0
2,0.1815,AM1BCC,AmberTools,,,H,,3,[H:3][C:1]#[N:2],8.0,2.0
0,0.19063000877698263,AM1BCC,OpenEye,,,C,,1,[H:3][C:1]#[N:2],9.0,1.0
1,-0.37209000686804455,AM1BCC,OpenEye,,,N,,2,[H:3][C:1]#[N:2],9.0,1.0
2,0.18145999809106192,AM1BCC,OpenEye,,,H,,3,[H:3][C:1]#[N:2],9.0,1.0
0,0.1903,AM1BCC,AmberTools,,,C,,1,[H:3][C:1]#[N:2],9.0,1.0
1,-0.3718,AM1BCC,AmberTools,,,N,,2,[H:3][C:1]#[N:2],9.0,1.0
2,0.1815,AM1BCC,AmberTools,,,H,,3,[H:3][C:1]#[N:2],9.0,1.0
0,0.19063000877698263,AM1BCC,OpenEye,,,C,,1,[H:3][C:1]#[N:2],9.0,2.0
1,-0.37209000686804455,AM1BCC,OpenEye,,,N,,2,[H:3][C:1]#[N:2],9.0,2.0
2,0.18145999809106192,AM1BCC,OpenEye,,,H,,3,[H:3][C:1]#[N:2],9.0,2.0
0,0.1903,AM1BCC,AmberTools,,,C,,1,[H:3][C:1]#[N:2],9.0,2.0
1,-0.3718,AM1BCC,AmberTools,,,N,,2,[H:3][C:1]#[N:2],9.0,2.0
2,0.1815,AM1BCC,AmberTools,,,H,,3,[H:3][C:1]#[N:2],9.0,2.0
