,stage_1_charge,stage_2_charge,grid,weight,state,method,atom_number,smiles,mapped_smiles
0,-0.4962419922156074,-0.4962419922156074,hf,1,gas,hf/6-31g*,1,CS(=O)c1ccccc1,[H:15][c:7]1[c:6]([c:5]([c:4]([c:9]([c:8]1[H:16])[H:17])[S:2](=[O:3])[C:1]([H:10])([H:11])[H:12])[H:13])[H:14]
1,0.25906930606961914,0.25906930606961914,hf,1,gas,hf/6-31g*,2,CS(=O)c1ccccc1,[H:15][c:7]1[c:6]([c:5]([c:4]([c:9]([c:8]1[H:16])[H:17])[S:2](=[O:3])[C:1]([H:10])([H:11])[H:12])[H:13])[H:14]
2,-0.44047596138417433,-0.44047596138417433,hf,1,gas,hf/6-31g*,3,CS(=O)c1ccccc1,[H:15][c:7]1[c:6]([c:5]([c:4]([c:9]([c:8]1[H:16])[H:17])[S:2](=[O:3])[C:1]([H:10])([H:11])[H:12])[H:13])[H:14]
3,-0.058573402754017026,-0.058573402754017026,hf,1,gas,hf/6-31g*,4,CS(=O)c1ccccc1,[H:15][c:7]1[c:6]([c:5]([c:4]([c:9]([c:8]1[H:16])[H:17])[S:2](=[O:3])[C:1]([H:10])([H:11])[H:12])[H:13])[H:14]
4,0.02343163260498911,0.02343163260498911,hf,1,gas,hf/6-31g*,5,CS(=O)c1ccccc1,[H:15][c:7]1[c:6]([c:5]([c:4]([c:9]([c:8]1[H:16])[H:17])[S:2](=[O:3])[C:1]([H:10])([H:11])[H:12])[H:13])[H:14]
5,-0.2659203987902215,-0.2659203987902215,hf,1,gas,hf/6-31g*,6,CS(=O)c1ccccc1,[H:15][c:7]1[c:6]([c:5]([c:4]([c:9]([c:8]1[H:16])[H:17])[S:2](=[O:3])[C:1]([H:10])([H:11])[H:12])[H:13])[H:14]
6,-0.040640602578565554,-0.040640602578565554,hf,1,gas,hf/6-31g*,7,CS(=O)c1ccccc1,[H:15][c:7]1[c:6]([c:5]([c:4]([c:9]([c:8]1[H:16])[H:17])[S:2](=[O:3])[C:1]([H:10])([H:11])[H:12])[H:13])[H:14]
7,-0.2826112121090463,-0.2826112121090463,hf,1,gas,hf/6-31g*,8,CS(=O)c1ccccc1,[H:15][c:7]1[c:6]([c:5]([c:4]([c:9]([c:8]1[H:16])[H:17])[S:2](=[O:3])[C:1]([H:10])([H:11])[H:12])[H:13])[H:14]
8,0.06832944828727551,0.06832944828727551,hf,1,gas,hf/6-31g*,9,CS(=O)c1ccccc1,[H:15][c:7]1[c:6]([c:5]([c:4]([c:9]([c:8]1[H:16])[H:17])[S:2](=[O:3])[C:1]([H:10])([H:11])[H:12])[H:13])[H:14]
9,0.19278124942119867,0.19278124942119867,hf,1,gas,hf/6-31g*,10,CS(=O)c1ccccc1,[H:15][c:7]1[c:6]([c:5]([c:4]([c:9]([c:8]1[H:16])[H:17])[S:2](=[O:3])[C:1]([H:10])([H:11])[H:12])[H:13])[H:14]
10,0.1818340723342535,0.1818340723342535,hf,1,gas,hf/6-31g*,11,CS(=O)c1ccccc1,[H:15][c:7]1[c:6]([c:5]([c:4]([c:9]([c:8]1[H:16])[H:17])[S:2](=[O:3])[C:1]([H:10])([H:11])[H:12])[H:13])[H:14]
11,0.19559390908958868,0.19559390908958868,hf,1,gas,hf/6-31g*,12,CS(=O)c1ccccc1,[H:15][c:7]1[c:6]([c:5]([c:4]([c:9]([c:8]1[H:16])[H:17])[S:2](=[O:3])[C:1]([H:10])([H:11])[H:12])[H:13])[H:14]
12,0.101453458929533,0.101453458929533,hf,1,gas,hf/6-31g*,13,CS(=O)c1ccccc1,[H:15][c:7]1[c:6]([c:5]([c:4]([c:9]([c:8]1[H:16])[H:17])[S:2](=[O:3])[C:1]([H:10])([H:11])[H:12])[H:13])[H:14]
13,0.17031927625759694,0.17031927625759694,hf,1,gas,hf/6-31g*,14,CS(=O)c1ccccc1,[H:15][c:7]1[c:6]([c:5]([c:4]([c:9]([c:8]1[H:16])[H:17])[S:2](=[O:3])[C:1]([H:10])([H:11])[H:12])[H:13])[H:14]
14,0.13361893203620767,0.13361893203620767,hf,1,gas,hf/6-31g*,15,CS(=O)c1ccccc1,[H:15][c:7]1[c:6]([c:5]([c:4]([c:9]([c:8]1[H:16])[H:17])[S:2](=[O:3])[C:1]([H:10])([H:11])[H:12])[H:13])[H:14]
15,0.17382420915104868,0.17382420915104868,hf,1,gas,hf/6-31g*,16,CS(=O)c1ccccc1,[H:15][c:7]1[c:6]([c:5]([c:4]([c:9]([c:8]1[H:16])[H:17])[S:2](=[O:3])[C:1]([H:10])([H:11])[H:12])[H:13])[H:14]
16,0.08839503663548243,0.08839503663548243,hf,1,gas,hf/6-31g*,17,CS(=O)c1ccccc1,[H:15][c:7]1[c:6]([c:5]([c:4]([c:9]([c:8]1[H:16])[H:17])[S:2](=[O:3])[C:1]([H:10])([H:11])[H:12])[H:13])[H:14]
0,-0.49624199221663146,-0.49624199221663146,hf,,gas,hf/6-31g*,1,CS(=O)c1ccccc1,[H:15][c:7]1[c:6]([c:5]([c:4]([c:9]([c:8]1[H:16])[H:17])[S:2](=[O:3])[C:1]([H:10])([H:11])[H:12])[H:13])[H:14]
1,0.2590693060705459,0.2590693060705459,hf,,gas,hf/6-31g*,2,CS(=O)c1ccccc1,[H:15][c:7]1[c:6]([c:5]([c:4]([c:9]([c:8]1[H:16])[H:17])[S:2](=[O:3])[C:1]([H:10])([H:11])[H:12])[H:13])[H:14]
2,-0.44047596138424583,-0.44047596138424583,hf,,gas,hf/6-31g*,3,CS(=O)c1ccccc1,[H:15][c:7]1[c:6]([c:5]([c:4]([c:9]([c:8]1[H:16])[H:17])[S:2](=[O:3])[C:1]([H:10])([H:11])[H:12])[H:13])[H:14]
3,-0.05857340275750504,-0.05857340275750504,hf,,gas,hf/6-31g*,4,CS(=O)c1ccccc1,[H:15][c:7]1[c:6]([c:5]([c:4]([c:9]([c:8]1[H:16])[H:17])[S:2](=[O:3])[C:1]([H:10])([H:11])[H:12])[H:13])[H:14]
4,0.023431632606533304,0.023431632606533304,hf,,gas,hf/6-31g*,5,CS(=O)c1ccccc1,[H:15][c:7]1[c:6]([c:5]([c:4]([c:9]([c:8]1[H:16])[H:17])[S:2](=[O:3])[C:1]([H:10])([H:11])[H:12])[H:13])[H:14]
5,-0.26592039879267815,-0.26592039879267815,hf,,gas,hf/6-31g*,6,CS(=O)c1ccccc1,[H:15][c:7]1[c:6]([c:5]([c:4]([c:9]([c:8]1[H:16])[H:17])[S:2](=[O:3])[C:1]([H:10])([H:11])[H:12])[H:13])[H:14]
6,-0.04064060257535443,-0.04064060257535443,hf,,gas,hf/6-31g*,7,CS(=O)c1ccccc1,[H:15][c:7]1[c:6]([c:5]([c:4]([c:9]([c:8]1[H:16])[H:17])[S:2](=[O:3])[C:1]([H:10])([H:11])[H:12])[H:13])[H:14]
7,-0.2826112121129325,-0.2826112121129325,hf,,gas,hf/6-31g*,8,CS(=O)c1ccccc1,[H:15][c:7]1[c:6]([c:5]([c:4]([c:9]([c:8]1[H:16])[H:17])[S:2](=[O:3])[C:1]([H:10])([H:11])[H:12])[H:13])[H:14]
8,0.06832944829241831,0.06832944829241831,hf,,gas,hf/6-31g*,9,CS(=O)c1ccccc1,[H:15][c:7]1[c:6]([c:5]([c:4]([c:9]([c:8]1[H:16])[H:17])[S:2](=[O:3])[C:1]([H:10])([H:11])[H:12])[H:13])[H:14]
9,0.1927812494215315,0.1927812494215315,hf,,gas,hf/6-31g*,10,CS(=O)c1ccccc1,[H:15][c:7]1[c:6]([c:5]([c:4]([c:9]([c:8]1[H:16])[H:17])[S:2](=[O:3])[C:1]([H:10])([H:11])[H:12])[H:13])[H:14]
10,0.18183407233501742,0.18183407233501742,hf,,gas,hf/6-31g*,11,CS(=O)c1ccccc1,[H:15][c:7]1[c:6]([c:5]([c:4]([c:9]([c:8]1[H:16])[H:17])[S:2](=[O:3])[C:1]([H:10])([H:11])[H:12])[H:13])[H:14]
11,0.1955939090893484,0.1955939090893484,hf,,gas,hf/6-31g*,12,CS(=O)c1ccccc1,[H:15][c:7]1[c:6]([c:5]([c:4]([c:9]([c:8]1[H:16])[H:17])[S:2](=[O:3])[C:1]([H:10])([H:11])[H:12])[H:13])[H:14]
12,0.10145345892943672,0.10145345892943672,hf,,gas,hf/6-31g*,13,CS(=O)c1ccccc1,[H:15][c:7]1[c:6]([c:5]([c:4]([c:9]([c:8]1[H:16])[H:17])[S:2](=[O:3])[C:1]([H:10])([H:11])[H:12])[H:13])[H:14]
13,0.17031927625800417,0.17031927625800417,hf,,gas,hf/6-31g*,14,CS(=O)c1ccccc1,[H:15][c:7]1[c:6]([c:5]([c:4]([c:9]([c:8]1[H:16])[H:17])[S:2](=[O:3])[C:1]([H:10])([H:11])[H:12])[H:13])[H:14]
14,0.13361893203557293,0.13361893203557293,hf,,gas,hf/6-31g*,15,CS(=O)c1ccccc1,[H:15][c:7]1[c:6]([c:5]([c:4]([c:9]([c:8]1[H:16])[H:17])[S:2](=[O:3])[C:1]([H:10])([H:11])[H:12])[H:13])[H:14]
15,0.173824209151867,0.173824209151867,hf,,gas,hf/6-31g*,16,CS(=O)c1ccccc1,[H:15][c:7]1[c:6]([c:5]([c:4]([c:9]([c:8]1[H:16])[H:17])[S:2](=[O:3])[C:1]([H:10])([H:11])[H:12])[H:13])[H:14]
16,0.08839503663423179,0.08839503663423179,hf,,gas,hf/6-31g*,17,CS(=O)c1ccccc1,[H:15][c:7]1[c:6]([c:5]([c:4]([c:9]([c:8]1[H:16])[H:17])[S:2](=[O:3])[C:1]([H:10])([H:11])[H:12])[H:13])[H:14]
0,-0.582818168773949,-0.582818168773949,resp2,1,gas,hf/6-31g*,1,CS(=O)c1ccccc1,[H:15][c:7]1[c:6]([c:5]([c:4]([c:9]([c:8]1[H:16])[H:17])[S:2](=[O:3])[C:1]([H:10])([H:11])[H:12])[H:13])[H:14]
1,0.28416610593853825,0.28416610593853825,resp2,1,gas,hf/6-31g*,2,CS(=O)c1ccccc1,[H:15][c:7]1[c:6]([c:5]([c:4]([c:9]([c:8]1[H:16])[H:17])[S:2](=[O:3])[C:1]([H:10])([H:11])[H:12])[H:13])[H:14]
2,-0.4374745103910769,-0.4374745103910769,resp2,1,gas,hf/6-31g*,3,CS(=O)c1ccccc1,[H:15][c:7]1[c:6]([c:5]([c:4]([c:9]([c:8]1[H:16])[H:17])[S:2](=[O:3])[C:1]([H:10])([H:11])[H:12])[H:13])[H:14]
3,-0.1254350270169785,-0.1254350270169785,resp2,1,gas,hf/6-31g*,4,CS(=O)c1ccccc1,[H:15][c:7]1[c:6]([c:5]([c:4]([c:9]([c:8]1[H:16])[H:17])[S:2](=[O:3])[C:1]([H:10])([H:11])[H:12])[H:13])[H:14]
4,0.06416546282944269,0.06416546282944269,resp2,1,gas,hf/6-31g*,5,CS(=O)c1ccccc1,[H:15][c:7]1[c:6]([c:5]([c:4]([c:9]([c:8]1[H:16])[H:17])[S:2](=[O:3])[C:1]([H:10])([H:11])[H:12])[H:13])[H:14]
5,-0.2861757341044006,-0.2861757341044006,resp2,1,gas,hf/6-31g*,6,CS(=O)c1ccccc1,[H:15][c:7]1[c:6]([c:5]([c:4]([c:9]([c:8]1[H:16])[H:17])[S:2](=[O:3])[C:1]([H:10])([H:11])[H:12])[H:13])[H:14]
6,-0.039084576621544395,-0.039084576621544395,resp2,1,gas,hf/6-31g*,7,CS(=O)c1ccccc1,[H:15][c:7]1[c:6]([c:5]([c:4]([c:9]([c:8]1[H:16])[H:17])[S:2](=[O:3])[C:1]([H:10])([H:11])[H:12])[H:13])[H:14]
7,-0.30540828588487245,-0.30540828588487245,resp2,1,gas,hf/6-31g*,8,CS(=O)c1ccccc1,[H:15][c:7]1[c:6]([c:5]([c:4]([c:9]([c:8]1[H:16])[H:17])[S:2](=[O:3])[C:1]([H:10])([H:11])[H:12])[H:13])[H:14]
8,0.11751682101235476,0.11751682101235476,resp2,1,gas,hf/6-31g*,9,CS(=O)c1ccccc1,[H:15][c:7]1[c:6]([c:5]([c:4]([c:9]([c:8]1[H:16])[H:17])[S:2](=[O:3])[C:1]([H:10])([H:11])[H:12])[H:13])[H:14]
9,0.21712060988851153,0.21712060988851153,resp2,1,gas,hf/6-31g*,10,CS(=O)c1ccccc1,[H:15][c:7]1[c:6]([c:5]([c:4]([c:9]([c:8]1[H:16])[H:17])[S:2](=[O:3])[C:1]([H:10])([H:11])[H:12])[H:13])[H:14]
10,0.20667797867556198,0.20667797867556198,resp2,1,gas,hf/6-31g*,11,CS(=O)c1ccccc1,[H:15][c:7]1[c:6]([c:5]([c:4]([c:9]([c:8]1[H:16])[H:17])[S:2](=[O:3])[C:1]([H:10])([H:11])[H:12])[H:13])[H:14]
11,0.2194822686931605,0.2194822686931605,resp2,1,gas,hf/6-31g*,12,CS(=O)c1ccccc1,[H:15][c:7]1[c:6]([c:5]([c:4]([c:9]([c:8]1[H:16])[H:17])[S:2](=[O:3])[C:1]([H:10])([H:11])[H:12])[H:13])[H:14]
12,0.09716628056889982,0.09716628056889982,resp2,1,gas,hf/6-31g*,13,CS(=O)c1ccccc1,[H:15][c:7]1[c:6]([c:5]([c:4]([c:9]([c:8]1[H:16])[H:17])[S:2](=[O:3])[C:1]([H:10])([H:11])[H:12])[H:13])[H:14]
13,0.1747742439355352,0.1747742439355352,resp2,1,gas,hf/6-31g*,14,CS(=O)c1ccccc1,[H:15][c:7]1[c:6]([c:5]([c:4]([c:9]([c:8]1[H:16])[H:17])[S:2](=[O:3])[C:1]([H:10])([H:11])[H:12])[H:13])[H:14]
14,0.139853092244052,0.139853092244052,resp2,1,gas,hf/6-31g*,15,CS(=O)c1ccccc1,[H:15][c:7]1[c:6]([c:5]([c:4]([c:9]([c:8]1[H:16])[H:17])[S:2](=[O:3])[C:1]([H:10])([H:11])[H:12])[H:13])[H:14]
15,0.17827819162668657,0.17827819162668657,resp2,1,gas,hf/6-31g*,16,CS(=O)c1ccccc1,[H:15][c:7]1[c:6]([c:5]([c:4]([c:9]([c:8]1[H:16])[H:17])[S:2](=[O:3])[C:1]([H:10])([H:11])[H:12])[H:13])[H:14]
16,0.08050218444016327,0.08050218444016327,resp2,1,gas,hf/6-31g*,17,CS(=O)c1ccccc1,[H:15][c:7]1[c:6]([c:5]([c:4]([c:9]([c:8]1[H:16])[H:17])[S:2](=[O:3])[C:1]([H:10])([H:11])[H:12])[H:13])[H:14]
0,-0.582818168775391,-0.582818168775391,resp2,,gas,hf/6-31g*,1,CS(=O)c1ccccc1,[H:15][c:7]1[c:6]([c:5]([c:4]([c:9]([c:8]1[H:16])[H:17])[S:2](=[O:3])[C:1]([H:10])([H:11])[H:12])[H:13])[H:14]
1,0.2841661059400922,0.2841661059400922,resp2,,gas,hf/6-31g*,2,CS(=O)c1ccccc1,[H:15][c:7]1[c:6]([c:5]([c:4]([c:9]([c:8]1[H:16])[H:17])[S:2](=[O:3])[C:1]([H:10])([H:11])[H:12])[H:13])[H:14]
2,-0.43747451039116153,-0.43747451039116153,resp2,,gas,hf/6-31g*,3,CS(=O)c1ccccc1,[H:15][c:7]1[c:6]([c:5]([c:4]([c:9]([c:8]1[H:16])[H:17])[S:2](=[O:3])[C:1]([H:10])([H:11])[H:12])[H:13])[H:14]
3,-0.12543502702389356,-0.12543502702389356,resp2,,gas,hf/6-31g*,4,CS(=O)c1ccccc1,[H:15][c:7]1[c:6]([c:5]([c:4]([c:9]([c:8]1[H:16])[H:17])[S:2](=[O:3])[C:1]([H:10])([H:11])[H:12])[H:13])[H:14]
4,0.06416546283345165,0.06416546283345165,resp2,,gas,hf/6-31g*,5,CS(=O)c1ccccc1,[H:15][c:7]1[c:6]([c:5]([c:4]([c:9]([c:8]1[H:16])[H:17])[S:2](=[O:3])[C:1]([H:10])([H:11])[H:12])[H:13])[H:14]
5,-0.28617573410854213,-0.28617573410854213,resp2,,gas,hf/6-31g*,6,CS(=O)c1ccccc1,[H:15][c:7]1[c:6]([c:5]([c:4]([c:9]([c:8]1[H:16])[H:17])[S:2](=[O:3])[C:1]([H:10])([H:11])[H:12])[H:13])[H:14]
6,-0.039084576617745344,-0.039084576617745344,resp2,,gas,hf/6-31g*,7,CS(=O)c1ccccc1,[H:15][c:7]1[c:6]([c:5]([c:4]([c:9]([c:8]1[H:16])[H:17])[S:2](=[O:3])[C:1]([H:10])([H:11])[H:12])[H:13])[H:14]
7,-0.305408285889535,-0.305408285889535,resp2,,gas,hf/6-31g*,8,CS(=O)c1ccccc1,[H:15][c:7]1[c:6]([c:5]([c:4]([c:9]([c:8]1[H:16])[H:17])[S:2](=[O:3])[C:1]([H:10])([H:11])[H:12])[H:13])[H:14]
8,0.11751682102069833,0.11751682102069833,resp2,,gas,hf/6-31g*,9,CS(=O)c1ccccc1,[H:15][c:7]1[c:6]([c:5]([c:4]([c:9]([c:8]1[H:16])[H:17])[S:2](=[O:3])[C:1]([H:10])([H:11])[H:12])[H:13])[H:14]
9,0.21712060988894616,0.21712060988894616,resp2,,gas,hf/6-31g*,10,CS(=O)c1ccccc1,[H:15][c:7]1[c:6]([c:5]([c:4]([c:9]([c:8]1[H:16])[H:17])[S:2](=[O:3])[C:1]([H:10])([H:11])[H:12])[H:13])[H:14]
10,0.20667797867641857,0.20667797867641857,resp2,,gas,hf/6-31g*,11,CS(=O)c1ccccc1,[H:15][c:7]1[c:6]([c:5]([c:4]([c:9]([c:8]1[H:16])[H:17])[S:2](=[O:3])[C:1]([H:10])([H:11])[H:12])[H:13])[H:14]
11,0.219482268693077,0.219482268693077,resp2,,gas,hf/6-31g*,12,CS(=O)c1ccccc1,[H:15][c:7]1[c:6]([c:5]([c:4]([c:9]([c:8]1[H:16])[H:17])[S:2](=[O:3])[C:1]([H:10])([H:11])[H:12])[H:13])[H:14]
12,0.09716628056847458,0.09716628056847458,resp2,,gas,hf/6-31g*,13,CS(=O)c1ccccc1,[H:15][c:7]1[c:6]([c:5]([c:4]([c:9]([c:8]1[H:16])[H:17])[S:2](=[O:3])[C:1]([H:10])([H:11])[H:12])[H:13])[H:14]
13,0.1747742439362557,0.1747742439362557,resp2,,gas,hf/6-31g*,14,CS(=O)c1ccccc1,[H:15][c:7]1[c:6]([c:5]([c:4]([c:9]([c:8]1[H:16])[H:17])[S:2](=[O:3])[C:1]([H:10])([H:11])[H:12])[H:13])[H:14]
14,0.13985309224351244,0.13985309224351244,resp2,,gas,hf/6-31g*,15,CS(=O)c1ccccc1,[H:15][c:7]1[c:6]([c:5]([c:4]([c:9]([c:8]1[H:16])[H:17])[S:2](=[O:3])[C:1]([H:10])([H:11])[H:12])[H:13])[H:14]
15,0.17827819162731273,0.17827819162731273,resp2,,gas,hf/6-31g*,16,CS(=O)c1ccccc1,[H:15][c:7]1[c:6]([c:5]([c:4]([c:9]([c:8]1[H:16])[H:17])[S:2](=[O:3])[C:1]([H:10])([H:11])[H:12])[H:13])[H:14]
16,0.08050218443811336,0.08050218443811336,resp2,,gas,hf/6-31g*,17,CS(=O)c1ccccc1,[H:15][c:7]1[c:6]([c:5]([c:4]([c:9]([c:8]1[H:16])[H:17])[S:2](=[O:3])[C:1]([H:10])([H:11])[H:12])[H:13])[H:14]
0,-0.4227900228214163,-0.4227900228214163,hf,1,water,hf/6-31g*,1,CS(=O)c1ccccc1,[H:15][c:7]1[c:6]([c:5]([c:4]([c:9]([c:8]1[H:16])[H:17])[S:2](=[O:3])[C:1]([H:10])([H:11])[H:12])[H:13])[H:14]
1,0.31684418823072175,0.31684418823072175,hf,1,water,hf/6-31g*,2,CS(=O)c1ccccc1,[H:15][c:7]1[c:6]([c:5]([c:4]([c:9]([c:8]1[H:16])[H:17])[S:2](=[O:3])[C:1]([H:10])([H:11])[H:12])[H:13])[H:14]
2,-0.5666367732286754,-0.5666367732286754,hf,1,water,hf/6-31g*,3,CS(=O)c1ccccc1,[H:15][c:7]1[c:6]([c:5]([c:4]([c:9]([c:8]1[H:16])[H:17])[S:2](=[O:3])[C:1]([H:10])([H:11])[H:12])[H:13])[H:14]
3,-0.044501106933183626,-0.044501106933183626,hf,1,water,hf/6-31g*,4,CS(=O)c1ccccc1,[H:15][c:7]1[c:6]([c:5]([c:4]([c:9]([c:8]1[H:16])[H:17])[S:2](=[O:3])[C:1]([H:10])([H:11])[H:12])[H:13])[H:14]
4,-0.033229391976504805,-0.033229391976504805,hf,1,water,hf/6-31g*,5,CS(=O)c1ccccc1,[H:15][c:7]1[c:6]([c:5]([c:4]([c:9]([c:8]1[H:16])[H:17])[S:2](=[O:3])[C:1]([H:10])([H:11])[H:12])[H:13])[H:14]
5,-0.23940614658475556,-0.23940614658475556,hf,1,water,hf/6-31g*,6,CS(=O)c1ccccc1,[H:15][c:7]1[c:6]([c:5]([c:4]([c:9]([c:8]1[H:16])[H:17])[S:2](=[O:3])[C:1]([H:10])([H:11])[H:12])[H:13])[H:14]
6,-0.06600700793617806,-0.06600700793617806,hf,1,water,hf/6-31g*,7,CS(=O)c1ccccc1,[H:15][c:7]1[c:6]([c:5]([c:4]([c:9]([c:8]1[H:16])[H:17])[S:2](=[O:3])[C:1]([H:10])([H:11])[H:12])[H:13])[H:14]
7,-0.26015093976220827,-0.26015093976220827,hf,1,water,hf/6-31g*,8,CS(=O)c1ccccc1,[H:15][c:7]1[c:6]([c:5]([c:4]([c:9]([c:8]1[H:16])[H:17])[S:2](=[O:3])[C:1]([H:10])([H:11])[H:12])[H:13])[H:14]
8,0.005659900689022985,0.005659900689022985,hf,1,water,hf/6-31g*,9,CS(=O)c1ccccc1,[H:15][c:7]1[c:6]([c:5]([c:4]([c:9]([c:8]1[H:16])[H:17])[S:2](=[O:3])[C:1]([H:10])([H:11])[H:12])[H:13])[H:14]
9,0.18482613819370716,0.18482613819370716,hf,1,water,hf/6-31g*,10,CS(=O)c1ccccc1,[H:15][c:7]1[c:6]([c:5]([c:4]([c:9]([c:8]1[H:16])[H:17])[S:2](=[O:3])[C:1]([H:10])([H:11])[H:12])[H:13])[H:14]
10,0.1791840441013785,0.1791840441013785,hf,1,water,hf/6-31g*,11,CS(=O)c1ccccc1,[H:15][c:7]1[c:6]([c:5]([c:4]([c:9]([c:8]1[H:16])[H:17])[S:2](=[O:3])[C:1]([H:10])([H:11])[H:12])[H:13])[H:14]
11,0.1855914627914876,0.1855914627914876,hf,1,water,hf/6-31g*,12,CS(=O)c1ccccc1,[H:15][c:7]1[c:6]([c:5]([c:4]([c:9]([c:8]1[H:16])[H:17])[S:2](=[O:3])[C:1]([H:10])([H:11])[H:12])[H:13])[H:14]
12,0.13377016085531532,0.13377016085531532,hf,1,water,hf/6-31g*,13,CS(=O)c1ccccc1,[H:15][c:7]1[c:6]([c:5]([c:4]([c:9]([c:8]1[H:16])[H:17])[S:2](=[O:3])[C:1]([H:10])([H:11])[H:12])[H:13])[H:14]
13,0.1775814915542065,0.1775814915542065,hf,1,water,hf/6-31g*,14,CS(=O)c1ccccc1,[H:15][c:7]1[c:6]([c:5]([c:4]([c:9]([c:8]1[H:16])[H:17])[S:2](=[O:3])[C:1]([H:10])([H:11])[H:12])[H:13])[H:14]
14,0.15052241070545938,0.15052241070545938,hf,1,water,hf/6-31g*,15,CS(=O)c1ccccc1,[H:15][c:7]1[c:6]([c:5]([c:4]([c:9]([c:8]1[H:16])[H:17])[S:2](=[O:3])[C:1]([H:10])([H:11])[H:12])[H:13])[H:14]
15,0.18149190315456243,0.18149190315456243,hf,1,water,hf/6-31g*,16,CS(=O)c1ccccc1,[H:15][c:7]1[c:6]([c:5]([c:4]([c:9]([c:8]1[H:16])[H:17])[S:2](=[O:3])[C:1]([H:10])([H:11])[H:12])[H:13])[H:14]
16,0.12121285221781086,0.12121285221781086,hf,1,water,hf/6-31g*,17,CS(=O)c1ccccc1,[H:15][c:7]1[c:6]([c:5]([c:4]([c:9]([c:8]1[H:16])[H:17])[S:2](=[O:3])[C:1]([H:10])([H:11])[H:12])[H:13])[H:14]
0,-0.42279002283594663,-0.42279002283594663,hf,,water,hf/6-31g*,1,CS(=O)c1ccccc1,[H:15][c:7]1[c:6]([c:5]([c:4]([c:9]([c:8]1[H:16])[H:17])[S:2](=[O:3])[C:1]([H:10])([H:11])[H:12])[H:13])[H:14]
1,0.3168441882326689,0.3168441882326689,hf,,water,hf/6-31g*,2,CS(=O)c1ccccc1,[H:15][c:7]1[c:6]([c:5]([c:4]([c:9]([c:8]1[H:16])[H:17])[S:2](=[O:3])[C:1]([H:10])([H:11])[H:12])[H:13])[H:14]
2,-0.5666367732269526,-0.5666367732269526,hf,,water,hf/6-31g*,3,CS(=O)c1ccccc1,[H:15][c:7]1[c:6]([c:5]([c:4]([c:9]([c:8]1[H:16])[H:17])[S:2](=[O:3])[C:1]([H:10])([H:11])[H:12])[H:13])[H:14]
3,-0.044501106942641894,-0.044501106942641894,hf,,water,hf/6-31g*,4,CS(=O)c1ccccc1,[H:15][c:7]1[c:6]([c:5]([c:4]([c:9]([c:8]1[H:16])[H:17])[S:2](=[O:3])[C:1]([H:10])([H:11])[H:12])[H:13])[H:14]
4,-0.03322939179486198,-0.03322939179486198,hf,,water,hf/6-31g*,5,CS(=O)c1ccccc1,[H:15][c:7]1[c:6]([c:5]([c:4]([c:9]([c:8]1[H:16])[H:17])[S:2](=[O:3])[C:1]([H:10])([H:11])[H:12])[H:13])[H:14]
5,-0.23940614668355245,-0.23940614668355245,hf,,water,hf/6-31g*,6,CS(=O)c1ccccc1,[H:15][c:7]1[c:6]([c:5]([c:4]([c:9]([c:8]1[H:16])[H:17])[S:2](=[O:3])[C:1]([H:10])([H:11])[H:12])[H:13])[H:14]
6,-0.06600700792980682,-0.06600700792980682,hf,,water,hf/6-31g*,7,CS(=O)c1ccccc1,[H:15][c:7]1[c:6]([c:5]([c:4]([c:9]([c:8]1[H:16])[H:17])[S:2](=[O:3])[C:1]([H:10])([H:11])[H:12])[H:13])[H:14]
7,-0.2601509396799707,-0.2601509396799707,hf,,water,hf/6-31g*,8,CS(=O)c1ccccc1,[H:15][c:7]1[c:6]([c:5]([c:4]([c:9]([c:8]1[H:16])[H:17])[S:2](=[O:3])[C:1]([H:10])([H:11])[H:12])[H:13])[H:14]
8,0.005659900524577291,0.005659900524577291,hf,,water,hf/6-31g*,9,CS(=O)c1ccccc1,[H:15][c:7]1[c:6]([c:5]([c:4]([c:9]([c:8]1[H:16])[H:17])[S:2](=[O:3])[C:1]([H:10])([H:11])[H:12])[H:13])[H:14]
9,0.1848261382120253,0.1848261382120253,hf,,water,hf/6-31g*,10,CS(=O)c1ccccc1,[H:15][c:7]1[c:6]([c:5]([c:4]([c:9]([c:8]1[H:16])[H:17])[S:2](=[O:3])[C:1]([H:10])([H:11])[H:12])[H:13])[H:14]
10,0.1791840441016281,0.1791840441016281,hf,,water,hf/6-31g*,11,CS(=O)c1ccccc1,[H:15][c:7]1[c:6]([c:5]([c:4]([c:9]([c:8]1[H:16])[H:17])[S:2](=[O:3])[C:1]([H:10])([H:11])[H:12])[H:13])[H:14]
11,0.1855914627849623,0.1855914627849623,hf,,water,hf/6-31g*,12,CS(=O)c1ccccc1,[H:15][c:7]1[c:6]([c:5]([c:4]([c:9]([c:8]1[H:16])[H:17])[S:2](=[O:3])[C:1]([H:10])([H:11])[H:12])[H:13])[H:14]
12,0.13377016079339923,0.13377016079339923,hf,,water,hf/6-31g*,13,CS(=O)c1ccccc1,[H:15][c:7]1[c:6]([c:5]([c:4]([c:9]([c:8]1[H:16])[H:17])[S:2](=[O:3])[C:1]([H:10])([H:11])[H:12])[H:13])[H:14]
13,0.17758149157363232,0.17758149157363232,hf,,water,hf/6-31g*,14,CS(=O)c1ccccc1,[H:15][c:7]1[c:6]([c:5]([c:4]([c:9]([c:8]1[H:16])[H:17])[S:2](=[O:3])[C:1]([H:10])([H:11])[H:12])[H:13])[H:14]
14,0.15052241070493846,0.15052241070493846,hf,,water,hf/6-31g*,15,CS(=O)c1ccccc1,[H:15][c:7]1[c:6]([c:5]([c:4]([c:9]([c:8]1[H:16])[H:17])[S:2](=[O:3])[C:1]([H:10])([H:11])[H:12])[H:13])[H:14]
15,0.18149190313874486,0.18149190313874486,hf,,water,hf/6-31g*,16,CS(=O)c1ccccc1,[H:15][c:7]1[c:6]([c:5]([c:4]([c:9]([c:8]1[H:16])[H:17])[S:2](=[O:3])[C:1]([H:10])([H:11])[H:12])[H:13])[H:14]
16,0.1212128522779155,0.1212128522779155,hf,,water,hf/6-31g*,17,CS(=O)c1ccccc1,[H:15][c:7]1[c:6]([c:5]([c:4]([c:9]([c:8]1[H:16])[H:17])[S:2](=[O:3])[C:1]([H:10])([H:11])[H:12])[H:13])[H:14]
0,-0.5024727930864463,-0.5024727930864463,resp2,1,water,hf/6-31g*,1,CS(=O)c1ccccc1,[H:15][c:7]1[c:6]([c:5]([c:4]([c:9]([c:8]1[H:16])[H:17])[S:2](=[O:3])[C:1]([H:10])([H:11])[H:12])[H:13])[H:14]
1,0.33942634204474376,0.33942634204474376,resp2,1,water,hf/6-31g*,2,CS(=O)c1ccccc1,[H:15][c:7]1[c:6]([c:5]([c:4]([c:9]([c:8]1[H:16])[H:17])[S:2](=[O:3])[C:1]([H:10])([H:11])[H:12])[H:13])[H:14]
2,-0.5649284911292876,-0.5649284911292876,resp2,1,water,hf/6-31g*,3,CS(=O)c1ccccc1,[H:15][c:7]1[c:6]([c:5]([c:4]([c:9]([c:8]1[H:16])[H:17])[S:2](=[O:3])[C:1]([H:10])([H:11])[H:12])[H:13])[H:14]
3,-0.10224232119022178,-0.10224232119022178,resp2,1,water,hf/6-31g*,4,CS(=O)c1ccccc1,[H:15][c:7]1[c:6]([c:5]([c:4]([c:9]([c:8]1[H:16])[H:17])[S:2](=[O:3])[C:1]([H:10])([H:11])[H:12])[H:13])[H:14]
4,-0.001060247575854656,-0.001060247575854656,resp2,1,water,hf/6-31g*,5,CS(=O)c1ccccc1,[H:15][c:7]1[c:6]([c:5]([c:4]([c:9]([c:8]1[H:16])[H:17])[S:2](=[O:3])[C:1]([H:10])([H:11])[H:12])[H:13])[H:14]
5,-0.2580537826134627,-0.2580537826134627,resp2,1,water,hf/6-31g*,6,CS(=O)c1ccccc1,[H:15][c:7]1[c:6]([c:5]([c:4]([c:9]([c:8]1[H:16])[H:17])[S:2](=[O:3])[C:1]([H:10])([H:11])[H:12])[H:13])[H:14]
6,-0.062348623373625164,-0.062348623373625164,resp2,1,water,hf/6-31g*,7,CS(=O)c1ccccc1,[H:15][c:7]1[c:6]([c:5]([c:4]([c:9]([c:8]1[H:16])[H:17])[S:2](=[O:3])[C:1]([H:10])([H:11])[H:12])[H:13])[H:14]
7,-0.2834585616583536,-0.2834585616583536,resp2,1,water,hf/6-31g*,8,CS(=O)c1ccccc1,[H:15][c:7]1[c:6]([c:5]([c:4]([c:9]([c:8]1[H:16])[H:17])[S:2](=[O:3])[C:1]([H:10])([H:11])[H:12])[H:13])[H:14]
8,0.047921337102338035,0.047921337102338035,resp2,1,water,hf/6-31g*,9,CS(=O)c1ccccc1,[H:15][c:7]1[c:6]([c:5]([c:4]([c:9]([c:8]1[H:16])[H:17])[S:2](=[O:3])[C:1]([H:10])([H:11])[H:12])[H:13])[H:14]
9,0.2075476177848178,0.2075476177848178,resp2,1,water,hf/6-31g*,10,CS(=O)c1ccccc1,[H:15][c:7]1[c:6]([c:5]([c:4]([c:9]([c:8]1[H:16])[H:17])[S:2](=[O:3])[C:1]([H:10])([H:11])[H:12])[H:13])[H:14]
10,0.20228579991387757,0.20228579991387757,resp2,1,water,hf/6-31g*,11,CS(=O)c1ccccc1,[H:15][c:7]1[c:6]([c:5]([c:4]([c:9]([c:8]1[H:16])[H:17])[S:2](=[O:3])[C:1]([H:10])([H:11])[H:12])[H:13])[H:14]
11,0.20801001357635837,0.20801001357635837,resp2,1,water,hf/6-31g*,12,CS(=O)c1ccccc1,[H:15][c:7]1[c:6]([c:5]([c:4]([c:9]([c:8]1[H:16])[H:17])[S:2](=[O:3])[C:1]([H:10])([H:11])[H:12])[H:13])[H:14]
12,0.1318923177709784,0.1318923177709784,resp2,1,water,hf/6-31g*,13,CS(=O)c1ccccc1,[H:15][c:7]1[c:6]([c:5]([c:4]([c:9]([c:8]1[H:16])[H:17])[S:2](=[O:3])[C:1]([H:10])([H:11])[H:12])[H:13])[H:14]
13,0.18232872533107397,0.18232872533107397,resp2,1,water,hf/6-31g*,14,CS(=O)c1ccccc1,[H:15][c:7]1[c:6]([c:5]([c:4]([c:9]([c:8]1[H:16])[H:17])[S:2](=[O:3])[C:1]([H:10])([H:11])[H:12])[H:13])[H:14]
14,0.15589047515377874,0.15589047515377874,resp2,1,water,hf/6-31g*,15,CS(=O)c1ccccc1,[H:15][c:7]1[c:6]([c:5]([c:4]([c:9]([c:8]1[H:16])[H:17])[S:2](=[O:3])[C:1]([H:10])([H:11])[H:12])[H:13])[H:14]
15,0.18684447550453612,0.18684447550453612,resp2,1,water,hf/6-31g*,16,CS(=O)c1ccccc1,[H:15][c:7]1[c:6]([c:5]([c:4]([c:9]([c:8]1[H:16])[H:17])[S:2](=[O:3])[C:1]([H:10])([H:11])[H:12])[H:13])[H:14]
16,0.11548757439877538,0.11548757439877538,resp2,1,water,hf/6-31g*,17,CS(=O)c1ccccc1,[H:15][c:7]1[c:6]([c:5]([c:4]([c:9]([c:8]1[H:16])[H:17])[S:2](=[O:3])[C:1]([H:10])([H:11])[H:12])[H:13])[H:14]
0,-0.5024727930984804,-0.5024727930984804,resp2,,water,hf/6-31g*,1,CS(=O)c1ccccc1,[H:15][c:7]1[c:6]([c:5]([c:4]([c:9]([c:8]1[H:16])[H:17])[S:2](=[O:3])[C:1]([H:10])([H:11])[H:12])[H:13])[H:14]
1,0.3394263420444432,0.3394263420444432,resp2,,water,hf/6-31g*,2,CS(=O)c1ccccc1,[H:15][c:7]1[c:6]([c:5]([c:4]([c:9]([c:8]1[H:16])[H:17])[S:2](=[O:3])[C:1]([H:10])([H:11])[H:12])[H:13])[H:14]
2,-0.5649284911272172,-0.5649284911272172,resp2,,water,hf/6-31g*,3,CS(=O)c1ccccc1,[H:15][c:7]1[c:6]([c:5]([c:4]([c:9]([c:8]1[H:16])[H:17])[S:2](=[O:3])[C:1]([H:10])([H:11])[H:12])[H:13])[H:14]
3,-0.10224232118581406,-0.10224232118581406,resp2,,water,hf/6-31g*,4,CS(=O)c1ccccc1,[H:15][c:7]1[c:6]([c:5]([c:4]([c:9]([c:8]1[H:16])[H:17])[S:2](=[O:3])[C:1]([H:10])([H:11])[H:12])[H:13])[H:14]
4,-0.0010602473788565159,-0.0010602473788565159,resp2,,water,hf/6-31g*,5,CS(=O)c1ccccc1,[H:15][c:7]1[c:6]([c:5]([c:4]([c:9]([c:8]1[H:16])[H:17])[S:2](=[O:3])[C:1]([H:10])([H:11])[H:12])[H:13])[H:14]
5,-0.2580537827121724,-0.2580537827121724,resp2,,water,hf/6-31g*,6,CS(=O)c1ccccc1,[H:15][c:7]1[c:6]([c:5]([c:4]([c:9]([c:8]1[H:16])[H:17])[S:2](=[O:3])[C:1]([H:10])([H:11])[H:12])[H:13])[H:14]
6,-0.06234862338005915,-0.06234862338005915,resp2,,water,hf/6-31g*,7,CS(=O)c1ccccc1,[H:15][c:7]1[c:6]([c:5]([c:4]([c:9]([c:8]1[H:16])[H:17])[S:2](=[O:3])[C:1]([H:10])([H:11])[H:12])[H:13])[H:14]
7,-0.28345856154651833,-0.28345856154651833,resp2,,water,hf/6-31g*,8,CS(=O)c1ccccc1,[H:15][c:7]1[c:6]([c:5]([c:4]([c:9]([c:8]1[H:16])[H:17])[S:2](=[O:3])[C:1]([H:10])([H:11])[H:12])[H:13])[H:14]
8,0.04792133689310883,0.04792133689310883,resp2,,water,hf/6-31g*,9,CS(=O)c1ccccc1,[H:15][c:7]1[c:6]([c:5]([c:4]([c:9]([c:8]1[H:16])[H:17])[S:2](=[O:3])[C:1]([H:10])([H:11])[H:12])[H:13])[H:14]
9,0.2075476178010652,0.2075476178010652,resp2,,water,hf/6-31g*,10,CS(=O)c1ccccc1,[H:15][c:7]1[c:6]([c:5]([c:4]([c:9]([c:8]1[H:16])[H:17])[S:2](=[O:3])[C:1]([H:10])([H:11])[H:12])[H:13])[H:14]
10,0.20228579991422316,0.20228579991422316,resp2,,water,hf/6-31g*,11,CS(=O)c1ccccc1,[H:15][c:7]1[c:6]([c:5]([c:4]([c:9]([c:8]1[H:16])[H:17])[S:2](=[O:3])[C:1]([H:10])([H:11])[H:12])[H:13])[H:14]
11,0.2080100135695865,0.2080100135695865,resp2,,water,hf/6-31g*,12,CS(=O)c1ccccc1,[H:15][c:7]1[c:6]([c:5]([c:4]([c:9]([c:8]1[H:16])[H:17])[S:2](=[O:3])[C:1]([H:10])([H:11])[H:12])[H:13])[H:14]
12,0.13189231770041138,0.13189231770041138,resp2,,water,hf/6-31g*,13,CS(=O)c1ccccc1,[H:15][c:7]1[c:6]([c:5]([c:4]([c:9]([c:8]1[H:16])[H:17])[S:2](=[O:3])[C:1]([H:10])([H:11])[H:12])[H:13])[H:14]
13,0.1823287253495822,0.1823287253495822,resp2,,water,hf/6-31g*,14,CS(=O)c1ccccc1,[H:15][c:7]1[c:6]([c:5]([c:4]([c:9]([c:8]1[H:16])[H:17])[S:2](=[O:3])[C:1]([H:10])([H:11])[H:12])[H:13])[H:14]
14,0.15589047515486917,0.15589047515486917,resp2,,water,hf/6-31g*,15,CS(=O)c1ccccc1,[H:15][c:7]1[c:6]([c:5]([c:4]([c:9]([c:8]1[H:16])[H:17])[S:2](=[O:3])[C:1]([H:10])([H:11])[H:12])[H:13])[H:14]
15,0.18684447548382854,0.18684447548382854,resp2,,water,hf/6-31g*,16,CS(=O)c1ccccc1,[H:15][c:7]1[c:6]([c:5]([c:4]([c:9]([c:8]1[H:16])[H:17])[S:2](=[O:3])[C:1]([H:10])([H:11])[H:12])[H:13])[H:14]
16,0.11548757447205507,0.11548757447205507,resp2,,water,hf/6-31g*,17,CS(=O)c1ccccc1,[H:15][c:7]1[c:6]([c:5]([c:4]([c:9]([c:8]1[H:16])[H:17])[S:2](=[O:3])[C:1]([H:10])([H:11])[H:12])[H:13])[H:14]
0,-0.3912033772527261,-0.3912033772527261,hf,1,gas,b3lyp-d3bj/dzvp,1,CS(=O)c1ccccc1,[H:15][c:7]1[c:6]([c:5]([c:4]([c:9]([c:8]1[H:16])[H:17])[S:2](=[O:3])[C:1]([H:10])([H:11])[H:12])[H:13])[H:14]
1,0.23481011497123366,0.23481011497123366,hf,1,gas,b3lyp-d3bj/dzvp,2,CS(=O)c1ccccc1,[H:15][c:7]1[c:6]([c:5]([c:4]([c:9]([c:8]1[H:16])[H:17])[S:2](=[O:3])[C:1]([H:10])([H:11])[H:12])[H:13])[H:14]
2,-0.4210194868434602,-0.4210194868434602,hf,1,gas,b3lyp-d3bj/dzvp,3,CS(=O)c1ccccc1,[H:15][c:7]1[c:6]([c:5]([c:4]([c:9]([c:8]1[H:16])[H:17])[S:2](=[O:3])[C:1]([H:10])([H:11])[H:12])[H:13])[H:14]
3,-0.0003377476314117278,-0.0003377476314117278,hf,1,gas,b3lyp-d3bj/dzvp,4,CS(=O)c1ccccc1,[H:15][c:7]1[c:6]([c:5]([c:4]([c:9]([c:8]1[H:16])[H:17])[S:2](=[O:3])[C:1]([H:10])([H:11])[H:12])[H:13])[H:14]
4,-0.039495568821005106,-0.039495568821005106,hf,1,gas,b3lyp-d3bj/dzvp,5,CS(=O)c1ccccc1,[H:15][c:7]1[c:6]([c:5]([c:4]([c:9]([c:8]1[H:16])[H:17])[S:2](=[O:3])[C:1]([H:10])([H:11])[H:12])[H:13])[H:14]
5,-0.23350569206170224,-0.23350569206170224,hf,1,gas,b3lyp-d3bj/dzvp,6,CS(=O)c1ccccc1,[H:15][c:7]1[c:6]([c:5]([c:4]([c:9]([c:8]1[H:16])[H:17])[S:2](=[O:3])[C:1]([H:10])([H:11])[H:12])[H:13])[H:14]
6,-0.06534868839320093,-0.06534868839320093,hf,1,gas,b3lyp-d3bj/dzvp,7,CS(=O)c1ccccc1,[H:15][c:7]1[c:6]([c:5]([c:4]([c:9]([c:8]1[H:16])[H:17])[S:2](=[O:3])[C:1]([H:10])([H:11])[H:12])[H:13])[H:14]
7,-0.24874903285371397,-0.24874903285371397,hf,1,gas,b3lyp-d3bj/dzvp,8,CS(=O)c1ccccc1,[H:15][c:7]1[c:6]([c:5]([c:4]([c:9]([c:8]1[H:16])[H:17])[S:2](=[O:3])[C:1]([H:10])([H:11])[H:12])[H:13])[H:14]
8,0.004860835205993745,0.004860835205993745,hf,1,gas,b3lyp-d3bj/dzvp,9,CS(=O)c1ccccc1,[H:15][c:7]1[c:6]([c:5]([c:4]([c:9]([c:8]1[H:16])[H:17])[S:2](=[O:3])[C:1]([H:10])([H:11])[H:12])[H:13])[H:14]
9,0.16086371969879365,0.16086371969879365,hf,1,gas,b3lyp-d3bj/dzvp,10,CS(=O)c1ccccc1,[H:15][c:7]1[c:6]([c:5]([c:4]([c:9]([c:8]1[H:16])[H:17])[S:2](=[O:3])[C:1]([H:10])([H:11])[H:12])[H:13])[H:14]
10,0.15065659164613027,0.15065659164613027,hf,1,gas,b3lyp-d3bj/dzvp,11,CS(=O)c1ccccc1,[H:15][c:7]1[c:6]([c:5]([c:4]([c:9]([c:8]1[H:16])[H:17])[S:2](=[O:3])[C:1]([H:10])([H:11])[H:12])[H:13])[H:14]
11,0.1632913682468886,0.1632913682468886,hf,1,gas,b3lyp-d3bj/dzvp,12,CS(=O)c1ccccc1,[H:15][c:7]1[c:6]([c:5]([c:4]([c:9]([c:8]1[H:16])[H:17])[S:2](=[O:3])[C:1]([H:10])([H:11])[H:12])[H:13])[H:14]
12,0.11868741271481348,0.11868741271481348,hf,1,gas,b3lyp-d3bj/dzvp,13,CS(=O)c1ccccc1,[H:15][c:7]1[c:6]([c:5]([c:4]([c:9]([c:8]1[H:16])[H:17])[S:2](=[O:3])[C:1]([H:10])([H:11])[H:12])[H:13])[H:14]
13,0.16488206575416564,0.16488206575416564,hf,1,gas,b3lyp-d3bj/dzvp,14,CS(=O)c1ccccc1,[H:15][c:7]1[c:6]([c:5]([c:4]([c:9]([c:8]1[H:16])[H:17])[S:2](=[O:3])[C:1]([H:10])([H:11])[H:12])[H:13])[H:14]
14,0.13443309838375506,0.13443309838375506,hf,1,gas,b3lyp-d3bj/dzvp,15,CS(=O)c1ccccc1,[H:15][c:7]1[c:6]([c:5]([c:4]([c:9]([c:8]1[H:16])[H:17])[S:2](=[O:3])[C:1]([H:10])([H:11])[H:12])[H:13])[H:14]
15,0.1681952108951666,0.1681952108951666,hf,1,gas,b3lyp-d3bj/dzvp,16,CS(=O)c1ccccc1,[H:15][c:7]1[c:6]([c:5]([c:4]([c:9]([c:8]1[H:16])[H:17])[S:2](=[O:3])[C:1]([H:10])([H:11])[H:12])[H:13])[H:14]
16,0.10503231953561028,0.10503231953561028,hf,1,gas,b3lyp-d3bj/dzvp,17,CS(=O)c1ccccc1,[H:15][c:7]1[c:6]([c:5]([c:4]([c:9]([c:8]1[H:16])[H:17])[S:2](=[O:3])[C:1]([H:10])([H:11])[H:12])[H:13])[H:14]
0,-0.39120337724738596,-0.39120337724738596,hf,,gas,b3lyp-d3bj/dzvp,1,CS(=O)c1ccccc1,[H:15][c:7]1[c:6]([c:5]([c:4]([c:9]([c:8]1[H:16])[H:17])[S:2](=[O:3])[C:1]([H:10])([H:11])[H:12])[H:13])[H:14]
1,0.2348101149776472,0.2348101149776472,hf,,gas,b3lyp-d3bj/dzvp,2,CS(=O)c1ccccc1,[H:15][c:7]1[c:6]([c:5]([c:4]([c:9]([c:8]1[H:16])[H:17])[S:2](=[O:3])[C:1]([H:10])([H:11])[H:12])[H:13])[H:14]
2,-0.4210194868503304,-0.4210194868503304,hf,,gas,b3lyp-d3bj/dzvp,3,CS(=O)c1ccccc1,[H:15][c:7]1[c:6]([c:5]([c:4]([c:9]([c:8]1[H:16])[H:17])[S:2](=[O:3])[C:1]([H:10])([H:11])[H:12])[H:13])[H:14]
3,-0.0003377476264929541,-0.0003377476264929541,hf,,gas,b3lyp-d3bj/dzvp,4,CS(=O)c1ccccc1,[H:15][c:7]1[c:6]([c:5]([c:4]([c:9]([c:8]1[H:16])[H:17])[S:2](=[O:3])[C:1]([H:10])([H:11])[H:12])[H:13])[H:14]
4,-0.039495568856327525,-0.039495568856327525,hf,,gas,b3lyp-d3bj/dzvp,5,CS(=O)c1ccccc1,[H:15][c:7]1[c:6]([c:5]([c:4]([c:9]([c:8]1[H:16])[H:17])[S:2](=[O:3])[C:1]([H:10])([H:11])[H:12])[H:13])[H:14]
5,-0.2335056920452807,-0.2335056920452807,hf,,gas,b3lyp-d3bj/dzvp,6,CS(=O)c1ccccc1,[H:15][c:7]1[c:6]([c:5]([c:4]([c:9]([c:8]1[H:16])[H:17])[S:2](=[O:3])[C:1]([H:10])([H:11])[H:12])[H:13])[H:14]
6,-0.0653486883955231,-0.0653486883955231,hf,,gas,b3lyp-d3bj/dzvp,7,CS(=O)c1ccccc1,[H:15][c:7]1[c:6]([c:5]([c:4]([c:9]([c:8]1[H:16])[H:17])[S:2](=[O:3])[C:1]([H:10])([H:11])[H:12])[H:13])[H:14]
7,-0.24874903285829544,-0.24874903285829544,hf,,gas,b3lyp-d3bj/dzvp,8,CS(=O)c1ccccc1,[H:15][c:7]1[c:6]([c:5]([c:4]([c:9]([c:8]1[H:16])[H:17])[S:2](=[O:3])[C:1]([H:10])([H:11])[H:12])[H:13])[H:14]
8,0.004860835222591974,0.004860835222591974,hf,,gas,b3lyp-d3bj/dzvp,9,CS(=O)c1ccccc1,[H:15][c:7]1[c:6]([c:5]([c:4]([c:9]([c:8]1[H:16])[H:17])[S:2](=[O:3])[C:1]([H:10])([H:11])[H:12])[H:13])[H:14]
9,0.16086371969209579,0.16086371969209579,hf,,gas,b3lyp-d3bj/dzvp,10,CS(=O)c1ccccc1,[H:15][c:7]1[c:6]([c:5]([c:4]([c:9]([c:8]1[H:16])[H:17])[S:2](=[O:3])[C:1]([H:10])([H:11])[H:12])[H:13])[H:14]
10,0.15065659163631454,0.15065659163631454,hf,,gas,b3lyp-d3bj/dzvp,11,CS(=O)c1ccccc1,[H:15][c:7]1[c:6]([c:5]([c:4]([c:9]([c:8]1[H:16])[H:17])[S:2](=[O:3])[C:1]([H:10])([H:11])[H:12])[H:13])[H:14]
11,0.16329136825810764,0.16329136825810764,hf,,gas,b3lyp-d3bj/dzvp,12,CS(=O)c1ccccc1,[H:15][c:7]1[c:6]([c:5]([c:4]([c:9]([c:8]1[H:16])[H:17])[S:2](=[O:3])[C:1]([H:10])([H:11])[H:12])[H:13])[H:14]
12,0.11868741272523141,0.11868741272523141,hf,,gas,b3lyp-d3bj/dzvp,13,CS(=O)c1ccccc1,[H:15][c:7]1[c:6]([c:5]([c:4]([c:9]([c:8]1[H:16])[H:17])[S:2](=[O:3])[C:1]([H:10])([H:11])[H:12])[H:13])[H:14]
13,0.16488206575063652,0.16488206575063652,hf,,gas,b3lyp-d3bj/dzvp,14,CS(=O)c1ccccc1,[H:15][c:7]1[c:6]([c:5]([c:4]([c:9]([c:8]1[H:16])[H:17])[S:2](=[O:3])[C:1]([H:10])([H:11])[H:12])[H:13])[H:14]
14,0.13443309838358009,0.13443309838358009,hf,,gas,b3lyp-d3bj/dzvp,15,CS(=O)c1ccccc1,[H:15][c:7]1[c:6]([c:5]([c:4]([c:9]([c:8]1[H:16])[H:17])[S:2](=[O:3])[C:1]([H:10])([H:11])[H:12])[H:13])[H:14]
15,0.16819521089575448,0.16819521089575448,hf,,gas,b3lyp-d3bj/dzvp,16,CS(=O)c1ccccc1,[H:15][c:7]1[c:6]([c:5]([c:4]([c:9]([c:8]1[H:16])[H:17])[S:2](=[O:3])[C:1]([H:10])([H:11])[H:12])[H:13])[H:14]
16,0.10503231953293832,0.10503231953293832,hf,,gas,b3lyp-d3bj/dzvp,17,CS(=O)c1ccccc1,[H:15][c:7]1[c:6]([c:5]([c:4]([c:9]([c:8]1[H:16])[H:17])[S:2](=[O:3])[C:1]([H:10])([H:11])[H:12])[H:13])[H:14]
0,-0.483330361867351,-0.483330361867351,resp2,1,gas,b3lyp-d3bj/dzvp,1,CS(=O)c1ccccc1,[H:15][c:7]1[c:6]([c:5]([c:4]([c:9]([c:8]1[H:16])[H:17])[S:2](=[O:3])[C:1]([H:10])([H:11])[H:12])[H:13])[H:14]
1,0.2578621927483598,0.2578621927483598,resp2,1,gas,b3lyp-d3bj/dzvp,2,CS(=O)c1ccccc1,[H:15][c:7]1[c:6]([c:5]([c:4]([c:9]([c:8]1[H:16])[H:17])[S:2](=[O:3])[C:1]([H:10])([H:11])[H:12])[H:13])[H:14]
2,-0.4198582887636181,-0.4198582887636181,resp2,1,gas,b3lyp-d3bj/dzvp,3,CS(=O)c1ccccc1,[H:15][c:7]1[c:6]([c:5]([c:4]([c:9]([c:8]1[H:16])[H:17])[S:2](=[O:3])[C:1]([H:10])([H:11])[H:12])[H:13])[H:14]
3,-0.043236473903729845,-0.043236473903729845,resp2,1,gas,b3lyp-d3bj/dzvp,4,CS(=O)c1ccccc1,[H:15][c:7]1[c:6]([c:5]([c:4]([c:9]([c:8]1[H:16])[H:17])[S:2](=[O:3])[C:1]([H:10])([H:11])[H:12])[H:13])[H:14]
4,-0.016012935237795345,-0.016012935237795345,resp2,1,gas,b3lyp-d3bj/dzvp,5,CS(=O)c1ccccc1,[H:15][c:7]1[c:6]([c:5]([c:4]([c:9]([c:8]1[H:16])[H:17])[S:2](=[O:3])[C:1]([H:10])([H:11])[H:12])[H:13])[H:14]
5,-0.2595138047201006,-0.2595138047201006,resp2,1,gas,b3lyp-d3bj/dzvp,6,CS(=O)c1ccccc1,[H:15][c:7]1[c:6]([c:5]([c:4]([c:9]([c:8]1[H:16])[H:17])[S:2](=[O:3])[C:1]([H:10])([H:11])[H:12])[H:13])[H:14]
6,-0.06422127769561684,-0.06422127769561684,resp2,1,gas,b3lyp-d3bj/dzvp,7,CS(=O)c1ccccc1,[H:15][c:7]1[c:6]([c:5]([c:4]([c:9]([c:8]1[H:16])[H:17])[S:2](=[O:3])[C:1]([H:10])([H:11])[H:12])[H:13])[H:14]
7,-0.2755624949562626,-0.2755624949562626,resp2,1,gas,b3lyp-d3bj/dzvp,8,CS(=O)c1ccccc1,[H:15][c:7]1[c:6]([c:5]([c:4]([c:9]([c:8]1[H:16])[H:17])[S:2](=[O:3])[C:1]([H:10])([H:11])[H:12])[H:13])[H:14]
8,0.035254876874798516,0.035254876874798516,resp2,1,gas,b3lyp-d3bj/dzvp,9,CS(=O)c1ccccc1,[H:15][c:7]1[c:6]([c:5]([c:4]([c:9]([c:8]1[H:16])[H:17])[S:2](=[O:3])[C:1]([H:10])([H:11])[H:12])[H:13])[H:14]
9,0.18723126734740536,0.18723126734740536,resp2,1,gas,b3lyp-d3bj/dzvp,10,CS(=O)c1ccccc1,[H:15][c:7]1[c:6]([c:5]([c:4]([c:9]([c:8]1[H:16])[H:17])[S:2](=[O:3])[C:1]([H:10])([H:11])[H:12])[H:13])[H:14]
10,0.17718332500911116,0.17718332500911116,resp2,1,gas,b3lyp-d3bj/dzvp,11,CS(=O)c1ccccc1,[H:15][c:7]1[c:6]([c:5]([c:4]([c:9]([c:8]1[H:16])[H:17])[S:2](=[O:3])[C:1]([H:10])([H:11])[H:12])[H:13])[H:14]
11,0.18913484972187017,0.18913484972187017,resp2,1,gas,b3lyp-d3bj/dzvp,12,CS(=O)c1ccccc1,[H:15][c:7]1[c:6]([c:5]([c:4]([c:9]([c:8]1[H:16])[H:17])[S:2](=[O:3])[C:1]([H:10])([H:11])[H:12])[H:13])[H:14]
12,0.12049599202280774,0.12049599202280774,resp2,1,gas,b3lyp-d3bj/dzvp,13,CS(=O)c1ccccc1,[H:15][c:7]1[c:6]([c:5]([c:4]([c:9]([c:8]1[H:16])[H:17])[S:2](=[O:3])[C:1]([H:10])([H:11])[H:12])[H:13])[H:14]
13,0.174662133959319,0.174662133959319,resp2,1,gas,b3lyp-d3bj/dzvp,14,CS(=O)c1ccccc1,[H:15][c:7]1[c:6]([c:5]([c:4]([c:9]([c:8]1[H:16])[H:17])[S:2](=[O:3])[C:1]([H:10])([H:11])[H:12])[H:13])[H:14]
14,0.14310575041024665,0.14310575041024665,resp2,1,gas,b3lyp-d3bj/dzvp,15,CS(=O)c1ccccc1,[H:15][c:7]1[c:6]([c:5]([c:4]([c:9]([c:8]1[H:16])[H:17])[S:2](=[O:3])[C:1]([H:10])([H:11])[H:12])[H:13])[H:14]
15,0.17740715481113367,0.17740715481113367,resp2,1,gas,b3lyp-d3bj/dzvp,16,CS(=O)c1ccccc1,[H:15][c:7]1[c:6]([c:5]([c:4]([c:9]([c:8]1[H:16])[H:17])[S:2](=[O:3])[C:1]([H:10])([H:11])[H:12])[H:13])[H:14]
16,0.10377333527053934,0.10377333527053934,resp2,1,gas,b3lyp-d3bj/dzvp,17,CS(=O)c1ccccc1,[H:15][c:7]1[c:6]([c:5]([c:4]([c:9]([c:8]1[H:16])[H:17])[S:2](=[O:3])[C:1]([H:10])([H:11])[H:12])[H:13])[H:14]
0,-0.4833303618646876,-0.4833303618646876,resp2,,gas,b3lyp-d3bj/dzvp,1,CS(=O)c1ccccc1,[H:15][c:7]1[c:6]([c:5]([c:4]([c:9]([c:8]1[H:16])[H:17])[S:2](=[O:3])[C:1]([H:10])([H:11])[H:12])[H:13])[H:14]
1,0.25786219275528244,0.25786219275528244,resp2,,gas,b3lyp-d3bj/dzvp,2,CS(=O)c1ccccc1,[H:15][c:7]1[c:6]([c:5]([c:4]([c:9]([c:8]1[H:16])[H:17])[S:2](=[O:3])[C:1]([H:10])([H:11])[H:12])[H:13])[H:14]
2,-0.41985828877050724,-0.41985828877050724,resp2,,gas,b3lyp-d3bj/dzvp,3,CS(=O)c1ccccc1,[H:15][c:7]1[c:6]([c:5]([c:4]([c:9]([c:8]1[H:16])[H:17])[S:2](=[O:3])[C:1]([H:10])([H:11])[H:12])[H:13])[H:14]
3,-0.043236473902221816,-0.043236473902221816,resp2,,gas,b3lyp-d3bj/dzvp,4,CS(=O)c1ccccc1,[H:15][c:7]1[c:6]([c:5]([c:4]([c:9]([c:8]1[H:16])[H:17])[S:2](=[O:3])[C:1]([H:10])([H:11])[H:12])[H:13])[H:14]
4,-0.01601293527504838,-0.01601293527504838,resp2,,gas,b3lyp-d3bj/dzvp,5,CS(=O)c1ccccc1,[H:15][c:7]1[c:6]([c:5]([c:4]([c:9]([c:8]1[H:16])[H:17])[S:2](=[O:3])[C:1]([H:10])([H:11])[H:12])[H:13])[H:14]
5,-0.2595138047061114,-0.2595138047061114,resp2,,gas,b3lyp-d3bj/dzvp,6,CS(=O)c1ccccc1,[H:15][c:7]1[c:6]([c:5]([c:4]([c:9]([c:8]1[H:16])[H:17])[S:2](=[O:3])[C:1]([H:10])([H:11])[H:12])[H:13])[H:14]
6,-0.06422127769393372,-0.06422127769393372,resp2,,gas,b3lyp-d3bj/dzvp,7,CS(=O)c1ccccc1,[H:15][c:7]1[c:6]([c:5]([c:4]([c:9]([c:8]1[H:16])[H:17])[S:2](=[O:3])[C:1]([H:10])([H:11])[H:12])[H:13])[H:14]
7,-0.2755624949671813,-0.2755624949671813,resp2,,gas,b3lyp-d3bj/dzvp,8,CS(=O)c1ccccc1,[H:15][c:7]1[c:6]([c:5]([c:4]([c:9]([c:8]1[H:16])[H:17])[S:2](=[O:3])[C:1]([H:10])([H:11])[H:12])[H:13])[H:14]
8,0.0352548769011768,0.0352548769011768,resp2,,gas,b3lyp-d3bj/dzvp,9,CS(=O)c1ccccc1,[H:15][c:7]1[c:6]([c:5]([c:4]([c:9]([c:8]1[H:16])[H:17])[S:2](=[O:3])[C:1]([H:10])([H:11])[H:12])[H:13])[H:14]
9,0.18723126734193554,0.18723126734193554,resp2,,gas,b3lyp-d3bj/dzvp,10,CS(=O)c1ccccc1,[H:15][c:7]1[c:6]([c:5]([c:4]([c:9]([c:8]1[H:16])[H:17])[S:2](=[O:3])[C:1]([H:10])([H:11])[H:12])[H:13])[H:14]
10,0.1771833249999756,0.1771833249999756,resp2,,gas,b3lyp-d3bj/dzvp,11,CS(=O)c1ccccc1,[H:15][c:7]1[c:6]([c:5]([c:4]([c:9]([c:8]1[H:16])[H:17])[S:2](=[O:3])[C:1]([H:10])([H:11])[H:12])[H:13])[H:14]
11,0.18913484973358827,0.18913484973358827,resp2,,gas,b3lyp-d3bj/dzvp,12,CS(=O)c1ccccc1,[H:15][c:7]1[c:6]([c:5]([c:4]([c:9]([c:8]1[H:16])[H:17])[S:2](=[O:3])[C:1]([H:10])([H:11])[H:12])[H:13])[H:14]
12,0.12049599203488874,0.12049599203488874,resp2,,gas,b3lyp-d3bj/dzvp,13,CS(=O)c1ccccc1,[H:15][c:7]1[c:6]([c:5]([c:4]([c:9]([c:8]1[H:16])[H:17])[S:2](=[O:3])[C:1]([H:10])([H:11])[H:12])[H:13])[H:14]
13,0.17466213395669214,0.17466213395669214,resp2,,gas,b3lyp-d3bj/dzvp,14,CS(=O)c1ccccc1,[H:15][c:7]1[c:6]([c:5]([c:4]([c:9]([c:8]1[H:16])[H:17])[S:2](=[O:3])[C:1]([H:10])([H:11])[H:12])[H:13])[H:14]
14,0.1431057504094546,0.1431057504094546,resp2,,gas,b3lyp-d3bj/dzvp,15,CS(=O)c1ccccc1,[H:15][c:7]1[c:6]([c:5]([c:4]([c:9]([c:8]1[H:16])[H:17])[S:2](=[O:3])[C:1]([H:10])([H:11])[H:12])[H:13])[H:14]
15,0.1774071548127081,0.1774071548127081,resp2,,gas,b3lyp-d3bj/dzvp,16,CS(=O)c1ccccc1,[H:15][c:7]1[c:6]([c:5]([c:4]([c:9]([c:8]1[H:16])[H:17])[S:2](=[O:3])[C:1]([H:10])([H:11])[H:12])[H:13])[H:14]
16,0.10377333526502873,0.10377333526502873,resp2,,gas,b3lyp-d3bj/dzvp,17,CS(=O)c1ccccc1,[H:15][c:7]1[c:6]([c:5]([c:4]([c:9]([c:8]1[H:16])[H:17])[S:2](=[O:3])[C:1]([H:10])([H:11])[H:12])[H:13])[H:14]
0,-0.31935801505305816,-0.31935801505305816,hf,1,water,b3lyp-d3bj/dzvp,1,CS(=O)c1ccccc1,[H:15][c:7]1[c:6]([c:5]([c:4]([c:9]([c:8]1[H:16])[H:17])[S:2](=[O:3])[C:1]([H:10])([H:11])[H:12])[H:13])[H:14]
1,0.2980997732086597,0.2980997732086597,hf,1,water,b3lyp-d3bj/dzvp,2,CS(=O)c1ccccc1,[H:15][c:7]1[c:6]([c:5]([c:4]([c:9]([c:8]1[H:16])[H:17])[S:2](=[O:3])[C:1]([H:10])([H:11])[H:12])[H:13])[H:14]
2,-0.5619184941363149,-0.5619184941363149,hf,1,water,b3lyp-d3bj/dzvp,3,CS(=O)c1ccccc1,[H:15][c:7]1[c:6]([c:5]([c:4]([c:9]([c:8]1[H:16])[H:17])[S:2](=[O:3])[C:1]([H:10])([H:11])[H:12])[H:13])[H:14]
3,0.018127664136034227,0.018127664136034227,hf,1,water,b3lyp-d3bj/dzvp,4,CS(=O)c1ccccc1,[H:15][c:7]1[c:6]([c:5]([c:4]([c:9]([c:8]1[H:16])[H:17])[S:2](=[O:3])[C:1]([H:10])([H:11])[H:12])[H:13])[H:14]
4,-0.10107891084938157,-0.10107891084938157,hf,1,water,b3lyp-d3bj/dzvp,5,CS(=O)c1ccccc1,[H:15][c:7]1[c:6]([c:5]([c:4]([c:9]([c:8]1[H:16])[H:17])[S:2](=[O:3])[C:1]([H:10])([H:11])[H:12])[H:13])[H:14]
5,-0.20561488087732913,-0.20561488087732913,hf,1,water,b3lyp-d3bj/dzvp,6,CS(=O)c1ccccc1,[H:15][c:7]1[c:6]([c:5]([c:4]([c:9]([c:8]1[H:16])[H:17])[S:2](=[O:3])[C:1]([H:10])([H:11])[H:12])[H:13])[H:14]
6,-0.09291639700384943,-0.09291639700384943,hf,1,water,b3lyp-d3bj/dzvp,7,CS(=O)c1ccccc1,[H:15][c:7]1[c:6]([c:5]([c:4]([c:9]([c:8]1[H:16])[H:17])[S:2](=[O:3])[C:1]([H:10])([H:11])[H:12])[H:13])[H:14]
7,-0.22540997829976447,-0.22540997829976447,hf,1,water,b3lyp-d3bj/dzvp,8,CS(=O)c1ccccc1,[H:15][c:7]1[c:6]([c:5]([c:4]([c:9]([c:8]1[H:16])[H:17])[S:2](=[O:3])[C:1]([H:10])([H:11])[H:12])[H:13])[H:14]
8,-0.0634353167003687,-0.0634353167003687,hf,1,water,b3lyp-d3bj/dzvp,9,CS(=O)c1ccccc1,[H:15][c:7]1[c:6]([c:5]([c:4]([c:9]([c:8]1[H:16])[H:17])[S:2](=[O:3])[C:1]([H:10])([H:11])[H:12])[H:13])[H:14]
9,0.1555206459977963,0.1555206459977963,hf,1,water,b3lyp-d3bj/dzvp,10,CS(=O)c1ccccc1,[H:15][c:7]1[c:6]([c:5]([c:4]([c:9]([c:8]1[H:16])[H:17])[S:2](=[O:3])[C:1]([H:10])([H:11])[H:12])[H:13])[H:14]
10,0.15085873207027145,0.15085873207027145,hf,1,water,b3lyp-d3bj/dzvp,11,CS(=O)c1ccccc1,[H:15][c:7]1[c:6]([c:5]([c:4]([c:9]([c:8]1[H:16])[H:17])[S:2](=[O:3])[C:1]([H:10])([H:11])[H:12])[H:13])[H:14]
11,0.15586806048223745,0.15586806048223745,hf,1,water,b3lyp-d3bj/dzvp,12,CS(=O)c1ccccc1,[H:15][c:7]1[c:6]([c:5]([c:4]([c:9]([c:8]1[H:16])[H:17])[S:2](=[O:3])[C:1]([H:10])([H:11])[H:12])[H:13])[H:14]
12,0.15464619338659533,0.15464619338659533,hf,1,water,b3lyp-d3bj/dzvp,13,CS(=O)c1ccccc1,[H:15][c:7]1[c:6]([c:5]([c:4]([c:9]([c:8]1[H:16])[H:17])[S:2](=[O:3])[C:1]([H:10])([H:11])[H:12])[H:13])[H:14]
13,0.17255949369164572,0.17255949369164572,hf,1,water,b3lyp-d3bj/dzvp,14,CS(=O)c1ccccc1,[H:15][c:7]1[c:6]([c:5]([c:4]([c:9]([c:8]1[H:16])[H:17])[S:2](=[O:3])[C:1]([H:10])([H:11])[H:12])[H:13])[H:14]
14,0.15166792821945485,0.15166792821945485,hf,1,water,b3lyp-d3bj/dzvp,15,CS(=O)c1ccccc1,[H:15][c:7]1[c:6]([c:5]([c:4]([c:9]([c:8]1[H:16])[H:17])[S:2](=[O:3])[C:1]([H:10])([H:11])[H:12])[H:13])[H:14]
15,0.17641141175743702,0.17641141175743702,hf,1,water,b3lyp-d3bj/dzvp,16,CS(=O)c1ccccc1,[H:15][c:7]1[c:6]([c:5]([c:4]([c:9]([c:8]1[H:16])[H:17])[S:2](=[O:3])[C:1]([H:10])([H:11])[H:12])[H:13])[H:14]
16,0.1418421891116263,0.1418421891116263,hf,1,water,b3lyp-d3bj/dzvp,17,CS(=O)c1ccccc1,[H:15][c:7]1[c:6]([c:5]([c:4]([c:9]([c:8]1[H:16])[H:17])[S:2](=[O:3])[C:1]([H:10])([H:11])[H:12])[H:13])[H:14]
0,-0.3193580150377827,-0.3193580150377827,hf,,water,b3lyp-d3bj/dzvp,1,CS(=O)c1ccccc1,[H:15][c:7]1[c:6]([c:5]([c:4]([c:9]([c:8]1[H:16])[H:17])[S:2](=[O:3])[C:1]([H:10])([H:11])[H:12])[H:13])[H:14]
1,0.298099773217835,0.298099773217835,hf,,water,b3lyp-d3bj/dzvp,2,CS(=O)c1ccccc1,[H:15][c:7]1[c:6]([c:5]([c:4]([c:9]([c:8]1[H:16])[H:17])[S:2](=[O:3])[C:1]([H:10])([H:11])[H:12])[H:13])[H:14]
2,-0.5619184941470206,-0.5619184941470206,hf,,water,b3lyp-d3bj/dzvp,3,CS(=O)c1ccccc1,[H:15][c:7]1[c:6]([c:5]([c:4]([c:9]([c:8]1[H:16])[H:17])[S:2](=[O:3])[C:1]([H:10])([H:11])[H:12])[H:13])[H:14]
3,0.018127664148649053,0.018127664148649053,hf,,water,b3lyp-d3bj/dzvp,4,CS(=O)c1ccccc1,[H:15][c:7]1[c:6]([c:5]([c:4]([c:9]([c:8]1[H:16])[H:17])[S:2](=[O:3])[C:1]([H:10])([H:11])[H:12])[H:13])[H:14]
4,-0.10107891104695149,-0.10107891104695149,hf,,water,b3lyp-d3bj/dzvp,5,CS(=O)c1ccccc1,[H:15][c:7]1[c:6]([c:5]([c:4]([c:9]([c:8]1[H:16])[H:17])[S:2](=[O:3])[C:1]([H:10])([H:11])[H:12])[H:13])[H:14]
5,-0.20561488076900017,-0.20561488076900017,hf,,water,b3lyp-d3bj/dzvp,6,CS(=O)c1ccccc1,[H:15][c:7]1[c:6]([c:5]([c:4]([c:9]([c:8]1[H:16])[H:17])[S:2](=[O:3])[C:1]([H:10])([H:11])[H:12])[H:13])[H:14]
6,-0.09291639701065496,-0.09291639701065496,hf,,water,b3lyp-d3bj/dzvp,7,CS(=O)c1ccccc1,[H:15][c:7]1[c:6]([c:5]([c:4]([c:9]([c:8]1[H:16])[H:17])[S:2](=[O:3])[C:1]([H:10])([H:11])[H:12])[H:13])[H:14]
7,-0.2254099783776458,-0.2254099783776458,hf,,water,b3lyp-d3bj/dzvp,8,CS(=O)c1ccccc1,[H:15][c:7]1[c:6]([c:5]([c:4]([c:9]([c:8]1[H:16])[H:17])[S:2](=[O:3])[C:1]([H:10])([H:11])[H:12])[H:13])[H:14]
8,-0.06343531654336018,-0.06343531654336018,hf,,water,b3lyp-d3bj/dzvp,9,CS(=O)c1ccccc1,[H:15][c:7]1[c:6]([c:5]([c:4]([c:9]([c:8]1[H:16])[H:17])[S:2](=[O:3])[C:1]([H:10])([H:11])[H:12])[H:13])[H:14]
9,0.15552064597770102,0.15552064597770102,hf,,water,b3lyp-d3bj/dzvp,10,CS(=O)c1ccccc1,[H:15][c:7]1[c:6]([c:5]([c:4]([c:9]([c:8]1[H:16])[H:17])[S:2](=[O:3])[C:1]([H:10])([H:11])[H:12])[H:13])[H:14]
10,0.1508587320587949,0.1508587320587949,hf,,water,b3lyp-d3bj/dzvp,11,CS(=O)c1ccccc1,[H:15][c:7]1[c:6]([c:5]([c:4]([c:9]([c:8]1[H:16])[H:17])[S:2](=[O:3])[C:1]([H:10])([H:11])[H:12])[H:13])[H:14]
11,0.15586806049966634,0.15586806049966634,hf,,water,b3lyp-d3bj/dzvp,12,CS(=O)c1ccccc1,[H:15][c:7]1[c:6]([c:5]([c:4]([c:9]([c:8]1[H:16])[H:17])[S:2](=[O:3])[C:1]([H:10])([H:11])[H:12])[H:13])[H:14]
12,0.1546461934537775,0.1546461934537775,hf,,water,b3lyp-d3bj/dzvp,13,CS(=O)c1ccccc1,[H:15][c:7]1[c:6]([c:5]([c:4]([c:9]([c:8]1[H:16])[H:17])[S:2](=[O:3])[C:1]([H:10])([H:11])[H:12])[H:13])[H:14]
13,0.17255949366968748,0.17255949366968748,hf,,water,b3lyp-d3bj/dzvp,14,CS(=O)c1ccccc1,[H:15][c:7]1[c:6]([c:5]([c:4]([c:9]([c:8]1[H:16])[H:17])[S:2](=[O:3])[C:1]([H:10])([H:11])[H:12])[H:13])[H:14]
14,0.15166792821895536,0.15166792821895536,hf,,water,b3lyp-d3bj/dzvp,15,CS(=O)c1ccccc1,[H:15][c:7]1[c:6]([c:5]([c:4]([c:9]([c:8]1[H:16])[H:17])[S:2](=[O:3])[C:1]([H:10])([H:11])[H:12])[H:13])[H:14]
15,0.1764114117716053,0.1764114117716053,hf,,water,b3lyp-d3bj/dzvp,16,CS(=O)c1ccccc1,[H:15][c:7]1[c:6]([c:5]([c:4]([c:9]([c:8]1[H:16])[H:17])[S:2](=[O:3])[C:1]([H:10])([H:11])[H:12])[H:13])[H:14]
16,0.14184218905735355,0.14184218905735355,hf,,water,b3lyp-d3bj/dzvp,17,CS(=O)c1ccccc1,[H:15][c:7]1[c:6]([c:5]([c:4]([c:9]([c:8]1[H:16])[H:17])[S:2](=[O:3])[C:1]([H:10])([H:11])[H:12])[H:13])[H:14]
0,-0.40529943806941715,-0.40529943806941715,resp2,1,water,b3lyp-d3bj/dzvp,1,CS(=O)c1ccccc1,[H:15][c:7]1[c:6]([c:5]([c:4]([c:9]([c:8]1[H:16])[H:17])[S:2](=[O:3])[C:1]([H:10])([H:11])[H:12])[H:13])[H:14]
1,0.31894758723739175,0.31894758723739175,resp2,1,water,b3lyp-d3bj/dzvp,2,CS(=O)c1ccccc1,[H:15][c:7]1[c:6]([c:5]([c:4]([c:9]([c:8]1[H:16])[H:17])[S:2](=[O:3])[C:1]([H:10])([H:11])[H:12])[H:13])[H:14]
2,-0.5622984203041902,-0.5622984203041902,resp2,1,water,b3lyp-d3bj/dzvp,3,CS(=O)c1ccccc1,[H:15][c:7]1[c:6]([c:5]([c:4]([c:9]([c:8]1[H:16])[H:17])[S:2](=[O:3])[C:1]([H:10])([H:11])[H:12])[H:13])[H:14]
3,-0.012186473347064169,-0.012186473347064169,resp2,1,water,b3lyp-d3bj/dzvp,4,CS(=O)c1ccccc1,[H:15][c:7]1[c:6]([c:5]([c:4]([c:9]([c:8]1[H:16])[H:17])[S:2](=[O:3])[C:1]([H:10])([H:11])[H:12])[H:13])[H:14]
4,-0.09066537217743575,-0.09066537217743575,resp2,1,water,b3lyp-d3bj/dzvp,5,CS(=O)c1ccccc1,[H:15][c:7]1[c:6]([c:5]([c:4]([c:9]([c:8]1[H:16])[H:17])[S:2](=[O:3])[C:1]([H:10])([H:11])[H:12])[H:13])[H:14]
5,-0.22540300480669037,-0.22540300480669037,resp2,1,water,b3lyp-d3bj/dzvp,6,CS(=O)c1ccccc1,[H:15][c:7]1[c:6]([c:5]([c:4]([c:9]([c:8]1[H:16])[H:17])[S:2](=[O:3])[C:1]([H:10])([H:11])[H:12])[H:13])[H:14]
6,-0.09453781626744862,-0.09453781626744862,resp2,1,water,b3lyp-d3bj/dzvp,7,CS(=O)c1ccccc1,[H:15][c:7]1[c:6]([c:5]([c:4]([c:9]([c:8]1[H:16])[H:17])[S:2](=[O:3])[C:1]([H:10])([H:11])[H:12])[H:13])[H:14]
7,-0.2483890363174401,-0.2483890363174401,resp2,1,water,b3lyp-d3bj/dzvp,8,CS(=O)c1ccccc1,[H:15][c:7]1[c:6]([c:5]([c:4]([c:9]([c:8]1[H:16])[H:17])[S:2](=[O:3])[C:1]([H:10])([H:11])[H:12])[H:13])[H:14]
8,-0.04420285030429144,-0.04420285030429144,resp2,1,water,b3lyp-d3bj/dzvp,9,CS(=O)c1ccccc1,[H:15][c:7]1[c:6]([c:5]([c:4]([c:9]([c:8]1[H:16])[H:17])[S:2](=[O:3])[C:1]([H:10])([H:11])[H:12])[H:13])[H:14]
9,0.18048210820907756,0.18048210820907756,resp2,1,water,b3lyp-d3bj/dzvp,10,CS(=O)c1ccccc1,[H:15][c:7]1[c:6]([c:5]([c:4]([c:9]([c:8]1[H:16])[H:17])[S:2](=[O:3])[C:1]([H:10])([H:11])[H:12])[H:13])[H:14]
10,0.17585448235306986,0.17585448235306986,resp2,1,water,b3lyp-d3bj/dzvp,11,CS(=O)c1ccccc1,[H:15][c:7]1[c:6]([c:5]([c:4]([c:9]([c:8]1[H:16])[H:17])[S:2](=[O:3])[C:1]([H:10])([H:11])[H:12])[H:13])[H:14]
11,0.18051325703723875,0.18051325703723875,resp2,1,water,b3lyp-d3bj/dzvp,12,CS(=O)c1ccccc1,[H:15][c:7]1[c:6]([c:5]([c:4]([c:9]([c:8]1[H:16])[H:17])[S:2](=[O:3])[C:1]([H:10])([H:11])[H:12])[H:13])[H:14]
12,0.15951725385814958,0.15951725385814958,resp2,1,water,b3lyp-d3bj/dzvp,13,CS(=O)c1ccccc1,[H:15][c:7]1[c:6]([c:5]([c:4]([c:9]([c:8]1[H:16])[H:17])[S:2](=[O:3])[C:1]([H:10])([H:11])[H:12])[H:13])[H:14]
13,0.18201424078067838,0.18201424078067838,resp2,1,water,b3lyp-d3bj/dzvp,14,CS(=O)c1ccccc1,[H:15][c:7]1[c:6]([c:5]([c:4]([c:9]([c:8]1[H:16])[H:17])[S:2](=[O:3])[C:1]([H:10])([H:11])[H:12])[H:13])[H:14]
14,0.16038116792574547,0.16038116792574547,resp2,1,water,b3lyp-d3bj/dzvp,15,CS(=O)c1ccccc1,[H:15][c:7]1[c:6]([c:5]([c:4]([c:9]([c:8]1[H:16])[H:17])[S:2](=[O:3])[C:1]([H:10])([H:11])[H:12])[H:13])[H:14]
15,0.1859966970507606,0.1859966970507606,resp2,1,water,b3lyp-d3bj/dzvp,16,CS(=O)c1ccccc1,[H:15][c:7]1[c:6]([c:5]([c:4]([c:9]([c:8]1[H:16])[H:17])[S:2](=[O:3])[C:1]([H:10])([H:11])[H:12])[H:13])[H:14]
16,0.14340854046359633,0.14340854046359633,resp2,1,water,b3lyp-d3bj/dzvp,17,CS(=O)c1ccccc1,[H:15][c:7]1[c:6]([c:5]([c:4]([c:9]([c:8]1[H:16])[H:17])[S:2](=[O:3])[C:1]([H:10])([H:11])[H:12])[H:13])[H:14]
0,-0.4052994380548933,-0.4052994380548933,resp2,,water,b3lyp-d3bj/dzvp,1,CS(=O)c1ccccc1,[H:15][c:7]1[c:6]([c:5]([c:4]([c:9]([c:8]1[H:16])[H:17])[S:2](=[O:3])[C:1]([H:10])([H:11])[H:12])[H:13])[H:14]
1,0.3189475872480645,0.3189475872480645,resp2,,water,b3lyp-d3bj/dzvp,2,CS(=O)c1ccccc1,[H:15][c:7]1[c:6]([c:5]([c:4]([c:9]([c:8]1[H:16])[H:17])[S:2](=[O:3])[C:1]([H:10])([H:11])[H:12])[H:13])[H:14]
2,-0.5622984203154955,-0.5622984203154955,resp2,,water,b3lyp-d3bj/dzvp,3,CS(=O)c1ccccc1,[H:15][c:7]1[c:6]([c:5]([c:4]([c:9]([c:8]1[H:16])[H:17])[S:2](=[O:3])[C:1]([H:10])([H:11])[H:12])[H:13])[H:14]
3,-0.012186473349745661,-0.012186473349745661,resp2,,water,b3lyp-d3bj/dzvp,4,CS(=O)c1ccccc1,[H:15][c:7]1[c:6]([c:5]([c:4]([c:9]([c:8]1[H:16])[H:17])[S:2](=[O:3])[C:1]([H:10])([H:11])[H:12])[H:13])[H:14]
4,-0.09066537238822409,-0.09066537238822409,resp2,,water,b3lyp-d3bj/dzvp,5,CS(=O)c1ccccc1,[H:15][c:7]1[c:6]([c:5]([c:4]([c:9]([c:8]1[H:16])[H:17])[S:2](=[O:3])[C:1]([H:10])([H:11])[H:12])[H:13])[H:14]
5,-0.2254030047058651,-0.2254030047058651,resp2,,water,b3lyp-d3bj/dzvp,6,CS(=O)c1ccccc1,[H:15][c:7]1[c:6]([c:5]([c:4]([c:9]([c:8]1[H:16])[H:17])[S:2](=[O:3])[C:1]([H:10])([H:11])[H:12])[H:13])[H:14]
6,-0.0945378162595481,-0.0945378162595481,resp2,,water,b3lyp-d3bj/dzvp,7,CS(=O)c1ccccc1,[H:15][c:7]1[c:6]([c:5]([c:4]([c:9]([c:8]1[H:16])[H:17])[S:2](=[O:3])[C:1]([H:10])([H:11])[H:12])[H:13])[H:14]
7,-0.24838903642505283,-0.24838903642505283,resp2,,water,b3lyp-d3bj/dzvp,8,CS(=O)c1ccccc1,[H:15][c:7]1[c:6]([c:5]([c:4]([c:9]([c:8]1[H:16])[H:17])[S:2](=[O:3])[C:1]([H:10])([H:11])[H:12])[H:13])[H:14]
8,-0.0442028500997548,-0.0442028500997548,resp2,,water,b3lyp-d3bj/dzvp,9,CS(=O)c1ccccc1,[H:15][c:7]1[c:6]([c:5]([c:4]([c:9]([c:8]1[H:16])[H:17])[S:2](=[O:3])[C:1]([H:10])([H:11])[H:12])[H:13])[H:14]
9,0.18048210819108831,0.18048210819108831,resp2,,water,b3lyp-d3bj/dzvp,10,CS(=O)c1ccccc1,[H:15][c:7]1[c:6]([c:5]([c:4]([c:9]([c:8]1[H:16])[H:17])[S:2](=[O:3])[C:1]([H:10])([H:11])[H:12])[H:13])[H:14]
10,0.17585448234129242,0.17585448234129242,resp2,,water,b3lyp-d3bj/dzvp,11,CS(=O)c1ccccc1,[H:15][c:7]1[c:6]([c:5]([c:4]([c:9]([c:8]1[H:16])[H:17])[S:2](=[O:3])[C:1]([H:10])([H:11])[H:12])[H:13])[H:14]
11,0.18051325705387428,0.18051325705387428,resp2,,water,b3lyp-d3bj/dzvp,12,CS(=O)c1ccccc1,[H:15][c:7]1[c:6]([c:5]([c:4]([c:9]([c:8]1[H:16])[H:17])[S:2](=[O:3])[C:1]([H:10])([H:11])[H:12])[H:13])[H:14]
12,0.15951725393354754,0.15951725393354754,resp2,,water,b3lyp-d3bj/dzvp,13,CS(=O)c1ccccc1,[H:15][c:7]1[c:6]([c:5]([c:4]([c:9]([c:8]1[H:16])[H:17])[S:2](=[O:3])[C:1]([H:10])([H:11])[H:12])[H:13])[H:14]
13,0.182014240762728,0.182014240762728,resp2,,water,b3lyp-d3bj/dzvp,14,CS(=O)c1ccccc1,[H:15][c:7]1[c:6]([c:5]([c:4]([c:9]([c:8]1[H:16])[H:17])[S:2](=[O:3])[C:1]([H:10])([H:11])[H:12])[H:13])[H:14]
14,0.16038116792380752,0.16038116792380752,resp2,,water,b3lyp-d3bj/dzvp,15,CS(=O)c1ccccc1,[H:15][c:7]1[c:6]([c:5]([c:4]([c:9]([c:8]1[H:16])[H:17])[S:2](=[O:3])[C:1]([H:10])([H:11])[H:12])[H:13])[H:14]
15,0.18599669706928929,0.18599669706928929,resp2,,water,b3lyp-d3bj/dzvp,16,CS(=O)c1ccccc1,[H:15][c:7]1[c:6]([c:5]([c:4]([c:9]([c:8]1[H:16])[H:17])[S:2](=[O:3])[C:1]([H:10])([H:11])[H:12])[H:13])[H:14]
16,0.1434085403964134,0.1434085403964134,resp2,,water,b3lyp-d3bj/dzvp,17,CS(=O)c1ccccc1,[H:15][c:7]1[c:6]([c:5]([c:4]([c:9]([c:8]1[H:16])[H:17])[S:2](=[O:3])[C:1]([H:10])([H:11])[H:12])[H:13])[H:14]
0,-0.42554622653086616,-0.42554622653086616,hf,1,gas,PW6B95/cc-pV(D+d)Z,1,CS(=O)c1ccccc1,[H:15][c:7]1[c:6]([c:5]([c:4]([c:9]([c:8]1[H:16])[H:17])[S:2](=[O:3])[C:1]([H:10])([H:11])[H:12])[H:13])[H:14]
1,0.24328085034117297,0.24328085034117297,hf,1,gas,PW6B95/cc-pV(D+d)Z,2,CS(=O)c1ccccc1,[H:15][c:7]1[c:6]([c:5]([c:4]([c:9]([c:8]1[H:16])[H:17])[S:2](=[O:3])[C:1]([H:10])([H:11])[H:12])[H:13])[H:14]
2,-0.3647080895626669,-0.3647080895626669,hf,1,gas,PW6B95/cc-pV(D+d)Z,3,CS(=O)c1ccccc1,[H:15][c:7]1[c:6]([c:5]([c:4]([c:9]([c:8]1[H:16])[H:17])[S:2](=[O:3])[C:1]([H:10])([H:11])[H:12])[H:13])[H:14]
3,-0.09753020206682991,-0.09753020206682991,hf,1,gas,PW6B95/cc-pV(D+d)Z,4,CS(=O)c1ccccc1,[H:15][c:7]1[c:6]([c:5]([c:4]([c:9]([c:8]1[H:16])[H:17])[S:2](=[O:3])[C:1]([H:10])([H:11])[H:12])[H:13])[H:14]
4,0.022206516523009433,0.022206516523009433,hf,1,gas,PW6B95/cc-pV(D+d)Z,5,CS(=O)c1ccccc1,[H:15][c:7]1[c:6]([c:5]([c:4]([c:9]([c:8]1[H:16])[H:17])[S:2](=[O:3])[C:1]([H:10])([H:11])[H:12])[H:13])[H:14]
5,-0.22093531650541134,-0.22093531650541134,hf,1,gas,PW6B95/cc-pV(D+d)Z,6,CS(=O)c1ccccc1,[H:15][c:7]1[c:6]([c:5]([c:4]([c:9]([c:8]1[H:16])[H:17])[S:2](=[O:3])[C:1]([H:10])([H:11])[H:12])[H:13])[H:14]
6,-0.033641666593711456,-0.033641666593711456,hf,1,gas,PW6B95/cc-pV(D+d)Z,7,CS(=O)c1ccccc1,[H:15][c:7]1[c:6]([c:5]([c:4]([c:9]([c:8]1[H:16])[H:17])[S:2](=[O:3])[C:1]([H:10])([H:11])[H:12])[H:13])[H:14]
7,-0.24135003063619392,-0.24135003063619392,hf,1,gas,PW6B95/cc-pV(D+d)Z,8,CS(=O)c1ccccc1,[H:15][c:7]1[c:6]([c:5]([c:4]([c:9]([c:8]1[H:16])[H:17])[S:2](=[O:3])[C:1]([H:10])([H:11])[H:12])[H:13])[H:14]
8,0.07114841016273654,0.07114841016273654,hf,1,gas,PW6B95/cc-pV(D+d)Z,9,CS(=O)c1ccccc1,[H:15][c:7]1[c:6]([c:5]([c:4]([c:9]([c:8]1[H:16])[H:17])[S:2](=[O:3])[C:1]([H:10])([H:11])[H:12])[H:13])[H:14]
9,0.1659070516180233,0.1659070516180233,hf,1,gas,PW6B95/cc-pV(D+d)Z,10,CS(=O)c1ccccc1,[H:15][c:7]1[c:6]([c:5]([c:4]([c:9]([c:8]1[H:16])[H:17])[S:2](=[O:3])[C:1]([H:10])([H:11])[H:12])[H:13])[H:14]
10,0.15751343777181986,0.15751343777181986,hf,1,gas,PW6B95/cc-pV(D+d)Z,11,CS(=O)c1ccccc1,[H:15][c:7]1[c:6]([c:5]([c:4]([c:9]([c:8]1[H:16])[H:17])[S:2](=[O:3])[C:1]([H:10])([H:11])[H:12])[H:13])[H:14]
11,0.16766066593286452,0.16766066593286452,hf,1,gas,PW6B95/cc-pV(D+d)Z,12,CS(=O)c1ccccc1,[H:15][c:7]1[c:6]([c:5]([c:4]([c:9]([c:8]1[H:16])[H:17])[S:2](=[O:3])[C:1]([H:10])([H:11])[H:12])[H:13])[H:14]
12,0.08676876253981676,0.08676876253981676,hf,1,gas,PW6B95/cc-pV(D+d)Z,13,CS(=O)c1ccccc1,[H:15][c:7]1[c:6]([c:5]([c:4]([c:9]([c:8]1[H:16])[H:17])[S:2](=[O:3])[C:1]([H:10])([H:11])[H:12])[H:13])[H:14]
13,0.1433605689670354,0.1433605689670354,hf,1,gas,PW6B95/cc-pV(D+d)Z,14,CS(=O)c1ccccc1,[H:15][c:7]1[c:6]([c:5]([c:4]([c:9]([c:8]1[H:16])[H:17])[S:2](=[O:3])[C:1]([H:10])([H:11])[H:12])[H:13])[H:14]
14,0.11199714875006896,0.11199714875006896,hf,1,gas,PW6B95/cc-pV(D+d)Z,15,CS(=O)c1ccccc1,[H:15][c:7]1[c:6]([c:5]([c:4]([c:9]([c:8]1[H:16])[H:17])[S:2](=[O:3])[C:1]([H:10])([H:11])[H:12])[H:13])[H:14]
15,0.14801392781191797,0.14801392781191797,hf,1,gas,PW6B95/cc-pV(D+d)Z,16,CS(=O)c1ccccc1,[H:15][c:7]1[c:6]([c:5]([c:4]([c:9]([c:8]1[H:16])[H:17])[S:2](=[O:3])[C:1]([H:10])([H:11])[H:12])[H:13])[H:14]
16,0.07052635265177692,0.07052635265177692,hf,1,gas,PW6B95/cc-pV(D+d)Z,17,CS(=O)c1ccccc1,[H:15][c:7]1[c:6]([c:5]([c:4]([c:9]([c:8]1[H:16])[H:17])[S:2](=[O:3])[C:1]([H:10])([H:11])[H:12])[H:13])[H:14]
0,-0.42554622653136975,-0.42554622653136975,hf,,gas,PW6B95/cc-pV(D+d)Z,1,CS(=O)c1ccccc1,[H:15][c:7]1[c:6]([c:5]([c:4]([c:9]([c:8]1[H:16])[H:17])[S:2](=[O:3])[C:1]([H:10])([H:11])[H:12])[H:13])[H:14]
1,0.24328085034228533,0.24328085034228533,hf,,gas,PW6B95/cc-pV(D+d)Z,2,CS(=O)c1ccccc1,[H:15][c:7]1[c:6]([c:5]([c:4]([c:9]([c:8]1[H:16])[H:17])[S:2](=[O:3])[C:1]([H:10])([H:11])[H:12])[H:13])[H:14]
2,-0.36470808956318906,-0.36470808956318906,hf,,gas,PW6B95/cc-pV(D+d)Z,3,CS(=O)c1ccccc1,[H:15][c:7]1[c:6]([c:5]([c:4]([c:9]([c:8]1[H:16])[H:17])[S:2](=[O:3])[C:1]([H:10])([H:11])[H:12])[H:13])[H:14]
3,-0.09753020206972642,-0.09753020206972642,hf,,gas,PW6B95/cc-pV(D+d)Z,4,CS(=O)c1ccccc1,[H:15][c:7]1[c:6]([c:5]([c:4]([c:9]([c:8]1[H:16])[H:17])[S:2](=[O:3])[C:1]([H:10])([H:11])[H:12])[H:13])[H:14]
4,0.02220651653487372,0.02220651653487372,hf,,gas,PW6B95/cc-pV(D+d)Z,5,CS(=O)c1ccccc1,[H:15][c:7]1[c:6]([c:5]([c:4]([c:9]([c:8]1[H:16])[H:17])[S:2](=[O:3])[C:1]([H:10])([H:11])[H:12])[H:13])[H:14]
5,-0.22093531651192388,-0.22093531651192388,hf,,gas,PW6B95/cc-pV(D+d)Z,6,CS(=O)c1ccccc1,[H:15][c:7]1[c:6]([c:5]([c:4]([c:9]([c:8]1[H:16])[H:17])[S:2](=[O:3])[C:1]([H:10])([H:11])[H:12])[H:13])[H:14]
6,-0.03364166659077372,-0.03364166659077372,hf,,gas,PW6B95/cc-pV(D+d)Z,7,CS(=O)c1ccccc1,[H:15][c:7]1[c:6]([c:5]([c:4]([c:9]([c:8]1[H:16])[H:17])[S:2](=[O:3])[C:1]([H:10])([H:11])[H:12])[H:13])[H:14]
7,-0.24135003063486016,-0.24135003063486016,hf,,gas,PW6B95/cc-pV(D+d)Z,8,CS(=O)c1ccccc1,[H:15][c:7]1[c:6]([c:5]([c:4]([c:9]([c:8]1[H:16])[H:17])[S:2](=[O:3])[C:1]([H:10])([H:11])[H:12])[H:13])[H:14]
8,0.07114841015538784,0.07114841015538784,hf,,gas,PW6B95/cc-pV(D+d)Z,9,CS(=O)c1ccccc1,[H:15][c:7]1[c:6]([c:5]([c:4]([c:9]([c:8]1[H:16])[H:17])[S:2](=[O:3])[C:1]([H:10])([H:11])[H:12])[H:13])[H:14]
9,0.16590705161673666,0.16590705161673666,hf,,gas,PW6B95/cc-pV(D+d)Z,10,CS(=O)c1ccccc1,[H:15][c:7]1[c:6]([c:5]([c:4]([c:9]([c:8]1[H:16])[H:17])[S:2](=[O:3])[C:1]([H:10])([H:11])[H:12])[H:13])[H:14]
10,0.15751343777076907,0.15751343777076907,hf,,gas,PW6B95/cc-pV(D+d)Z,11,CS(=O)c1ccccc1,[H:15][c:7]1[c:6]([c:5]([c:4]([c:9]([c:8]1[H:16])[H:17])[S:2](=[O:3])[C:1]([H:10])([H:11])[H:12])[H:13])[H:14]
11,0.16766066593546697,0.16766066593546697,hf,,gas,PW6B95/cc-pV(D+d)Z,12,CS(=O)c1ccccc1,[H:15][c:7]1[c:6]([c:5]([c:4]([c:9]([c:8]1[H:16])[H:17])[S:2](=[O:3])[C:1]([H:10])([H:11])[H:12])[H:13])[H:14]
12,0.08676876253644787,0.08676876253644787,hf,,gas,PW6B95/cc-pV(D+d)Z,13,CS(=O)c1ccccc1,[H:15][c:7]1[c:6]([c:5]([c:4]([c:9]([c:8]1[H:16])[H:17])[S:2](=[O:3])[C:1]([H:10])([H:11])[H:12])[H:13])[H:14]
13,0.14336056896842522,0.14336056896842522,hf,,gas,PW6B95/cc-pV(D+d)Z,14,CS(=O)c1ccccc1,[H:15][c:7]1[c:6]([c:5]([c:4]([c:9]([c:8]1[H:16])[H:17])[S:2](=[O:3])[C:1]([H:10])([H:11])[H:12])[H:13])[H:14]
14,0.11199714874948255,0.11199714874948255,hf,,gas,PW6B95/cc-pV(D+d)Z,15,CS(=O)c1ccccc1,[H:15][c:7]1[c:6]([c:5]([c:4]([c:9]([c:8]1[H:16])[H:17])[S:2](=[O:3])[C:1]([H:10])([H:11])[H:12])[H:13])[H:14]
15,0.14801392781141143,0.14801392781141143,hf,,gas,PW6B95/cc-pV(D+d)Z,16,CS(=O)c1ccccc1,[H:15][c:7]1[c:6]([c:5]([c:4]([c:9]([c:8]1[H:16])[H:17])[S:2](=[O:3])[C:1]([H:10])([H:11])[H:12])[H:13])[H:14]
16,0.07052635265511158,0.07052635265511158,hf,,gas,PW6B95/cc-pV(D+d)Z,17,CS(=O)c1ccccc1,[H:15][c:7]1[c:6]([c:5]([c:4]([c:9]([c:8]1[H:16])[H:17])[S:2](=[O:3])[C:1]([H:10])([H:11])[H:12])[H:13])[H:14]
0,-0.5052151691570572,-0.5052151691570572,resp2,1,gas,PW6B95/cc-pV(D+d)Z,1,CS(=O)c1ccccc1,[H:15][c:7]1[c:6]([c:5]([c:4]([c:9]([c:8]1[H:16])[H:17])[S:2](=[O:3])[C:1]([H:10])([H:11])[H:12])[H:13])[H:14]
1,0.2645624474308137,0.2645624474308137,resp2,1,gas,PW6B95/cc-pV(D+d)Z,2,CS(=O)c1ccccc1,[H:15][c:7]1[c:6]([c:5]([c:4]([c:9]([c:8]1[H:16])[H:17])[S:2](=[O:3])[C:1]([H:10])([H:11])[H:12])[H:13])[H:14]
2,-0.36310503124385485,-0.36310503124385485,resp2,1,gas,PW6B95/cc-pV(D+d)Z,3,CS(=O)c1ccccc1,[H:15][c:7]1[c:6]([c:5]([c:4]([c:9]([c:8]1[H:16])[H:17])[S:2](=[O:3])[C:1]([H:10])([H:11])[H:12])[H:13])[H:14]
3,-0.14751429206639216,-0.14751429206639216,resp2,1,gas,PW6B95/cc-pV(D+d)Z,4,CS(=O)c1ccccc1,[H:15][c:7]1[c:6]([c:5]([c:4]([c:9]([c:8]1[H:16])[H:17])[S:2](=[O:3])[C:1]([H:10])([H:11])[H:12])[H:13])[H:14]
4,0.05356514394213108,0.05356514394213108,resp2,1,gas,PW6B95/cc-pV(D+d)Z,5,CS(=O)c1ccccc1,[H:15][c:7]1[c:6]([c:5]([c:4]([c:9]([c:8]1[H:16])[H:17])[S:2](=[O:3])[C:1]([H:10])([H:11])[H:12])[H:13])[H:14]
5,-0.24412729120402854,-0.24412729120402854,resp2,1,gas,PW6B95/cc-pV(D+d)Z,6,CS(=O)c1ccccc1,[H:15][c:7]1[c:6]([c:5]([c:4]([c:9]([c:8]1[H:16])[H:17])[S:2](=[O:3])[C:1]([H:10])([H:11])[H:12])[H:13])[H:14]
6,-0.026067729501554213,-0.026067729501554213,resp2,1,gas,PW6B95/cc-pV(D+d)Z,7,CS(=O)c1ccccc1,[H:15][c:7]1[c:6]([c:5]([c:4]([c:9]([c:8]1[H:16])[H:17])[S:2](=[O:3])[C:1]([H:10])([H:11])[H:12])[H:13])[H:14]
7,-0.2650613393062609,-0.2650613393062609,resp2,1,gas,PW6B95/cc-pV(D+d)Z,8,CS(=O)c1ccccc1,[H:15][c:7]1[c:6]([c:5]([c:4]([c:9]([c:8]1[H:16])[H:17])[S:2](=[O:3])[C:1]([H:10])([H:11])[H:12])[H:13])[H:14]
8,0.10862028206309851,0.10862028206309851,resp2,1,gas,PW6B95/cc-pV(D+d)Z,9,CS(=O)c1ccccc1,[H:15][c:7]1[c:6]([c:5]([c:4]([c:9]([c:8]1[H:16])[H:17])[S:2](=[O:3])[C:1]([H:10])([H:11])[H:12])[H:13])[H:14]
9,0.18838851437506834,0.18838851437506834,resp2,1,gas,PW6B95/cc-pV(D+d)Z,10,CS(=O)c1ccccc1,[H:15][c:7]1[c:6]([c:5]([c:4]([c:9]([c:8]1[H:16])[H:17])[S:2](=[O:3])[C:1]([H:10])([H:11])[H:12])[H:13])[H:14]
10,0.18038909894655294,0.18038909894655294,resp2,1,gas,PW6B95/cc-pV(D+d)Z,11,CS(=O)c1ccccc1,[H:15][c:7]1[c:6]([c:5]([c:4]([c:9]([c:8]1[H:16])[H:17])[S:2](=[O:3])[C:1]([H:10])([H:11])[H:12])[H:13])[H:14]
11,0.189878789256747,0.189878789256747,resp2,1,gas,PW6B95/cc-pV(D+d)Z,12,CS(=O)c1ccccc1,[H:15][c:7]1[c:6]([c:5]([c:4]([c:9]([c:8]1[H:16])[H:17])[S:2](=[O:3])[C:1]([H:10])([H:11])[H:12])[H:13])[H:14]
12,0.08477520429437885,0.08477520429437885,resp2,1,gas,PW6B95/cc-pV(D+d)Z,13,CS(=O)c1ccccc1,[H:15][c:7]1[c:6]([c:5]([c:4]([c:9]([c:8]1[H:16])[H:17])[S:2](=[O:3])[C:1]([H:10])([H:11])[H:12])[H:13])[H:14]
13,0.14916454871976378,0.14916454871976378,resp2,1,gas,PW6B95/cc-pV(D+d)Z,14,CS(=O)c1ccccc1,[H:15][c:7]1[c:6]([c:5]([c:4]([c:9]([c:8]1[H:16])[H:17])[S:2](=[O:3])[C:1]([H:10])([H:11])[H:12])[H:13])[H:14]
14,0.11624602436993076,0.11624602436993076,resp2,1,gas,PW6B95/cc-pV(D+d)Z,15,CS(=O)c1ccccc1,[H:15][c:7]1[c:6]([c:5]([c:4]([c:9]([c:8]1[H:16])[H:17])[S:2](=[O:3])[C:1]([H:10])([H:11])[H:12])[H:13])[H:14]
15,0.1532231204130137,0.1532231204130137,resp2,1,gas,PW6B95/cc-pV(D+d)Z,16,CS(=O)c1ccccc1,[H:15][c:7]1[c:6]([c:5]([c:4]([c:9]([c:8]1[H:16])[H:17])[S:2](=[O:3])[C:1]([H:10])([H:11])[H:12])[H:13])[H:14]
16,0.06574268221517493,0.06574268221517493,resp2,1,gas,PW6B95/cc-pV(D+d)Z,17,CS(=O)c1ccccc1,[H:15][c:7]1[c:6]([c:5]([c:4]([c:9]([c:8]1[H:16])[H:17])[S:2](=[O:3])[C:1]([H:10])([H:11])[H:12])[H:13])[H:14]
0,-0.5052151691566197,-0.5052151691566197,resp2,,gas,PW6B95/cc-pV(D+d)Z,1,CS(=O)c1ccccc1,[H:15][c:7]1[c:6]([c:5]([c:4]([c:9]([c:8]1[H:16])[H:17])[S:2](=[O:3])[C:1]([H:10])([H:11])[H:12])[H:13])[H:14]
1,0.26456244743097657,0.26456244743097657,resp2,,gas,PW6B95/cc-pV(D+d)Z,2,CS(=O)c1ccccc1,[H:15][c:7]1[c:6]([c:5]([c:4]([c:9]([c:8]1[H:16])[H:17])[S:2](=[O:3])[C:1]([H:10])([H:11])[H:12])[H:13])[H:14]
2,-0.3631050312443177,-0.3631050312443177,resp2,,gas,PW6B95/cc-pV(D+d)Z,3,CS(=O)c1ccccc1,[H:15][c:7]1[c:6]([c:5]([c:4]([c:9]([c:8]1[H:16])[H:17])[S:2](=[O:3])[C:1]([H:10])([H:11])[H:12])[H:13])[H:14]
3,-0.14751429206228298,-0.14751429206228298,resp2,,gas,PW6B95/cc-pV(D+d)Z,4,CS(=O)c1ccccc1,[H:15][c:7]1[c:6]([c:5]([c:4]([c:9]([c:8]1[H:16])[H:17])[S:2](=[O:3])[C:1]([H:10])([H:11])[H:12])[H:13])[H:14]
4,0.0535651439480532,0.0535651439480532,resp2,,gas,PW6B95/cc-pV(D+d)Z,5,CS(=O)c1ccccc1,[H:15][c:7]1[c:6]([c:5]([c:4]([c:9]([c:8]1[H:16])[H:17])[S:2](=[O:3])[C:1]([H:10])([H:11])[H:12])[H:13])[H:14]
5,-0.24412729120349225,-0.24412729120349225,resp2,,gas,PW6B95/cc-pV(D+d)Z,6,CS(=O)c1ccccc1,[H:15][c:7]1[c:6]([c:5]([c:4]([c:9]([c:8]1[H:16])[H:17])[S:2](=[O:3])[C:1]([H:10])([H:11])[H:12])[H:13])[H:14]
6,-0.026067729506010773,-0.026067729506010773,resp2,,gas,PW6B95/cc-pV(D+d)Z,7,CS(=O)c1ccccc1,[H:15][c:7]1[c:6]([c:5]([c:4]([c:9]([c:8]1[H:16])[H:17])[S:2](=[O:3])[C:1]([H:10])([H:11])[H:12])[H:13])[H:14]
7,-0.26506133929712655,-0.26506133929712655,resp2,,gas,PW6B95/cc-pV(D+d)Z,8,CS(=O)c1ccccc1,[H:15][c:7]1[c:6]([c:5]([c:4]([c:9]([c:8]1[H:16])[H:17])[S:2](=[O:3])[C:1]([H:10])([H:11])[H:12])[H:13])[H:14]
8,0.10862028204679922,0.10862028204679922,resp2,,gas,PW6B95/cc-pV(D+d)Z,9,CS(=O)c1ccccc1,[H:15][c:7]1[c:6]([c:5]([c:4]([c:9]([c:8]1[H:16])[H:17])[S:2](=[O:3])[C:1]([H:10])([H:11])[H:12])[H:13])[H:14]
9,0.18838851437364906,0.18838851437364906,resp2,,gas,PW6B95/cc-pV(D+d)Z,10,CS(=O)c1ccccc1,[H:15][c:7]1[c:6]([c:5]([c:4]([c:9]([c:8]1[H:16])[H:17])[S:2](=[O:3])[C:1]([H:10])([H:11])[H:12])[H:13])[H:14]
10,0.18038909894532346,0.18038909894532346,resp2,,gas,PW6B95/cc-pV(D+d)Z,11,CS(=O)c1ccccc1,[H:15][c:7]1[c:6]([c:5]([c:4]([c:9]([c:8]1[H:16])[H:17])[S:2](=[O:3])[C:1]([H:10])([H:11])[H:12])[H:13])[H:14]
11,0.18987878925884602,0.18987878925884602,resp2,,gas,PW6B95/cc-pV(D+d)Z,12,CS(=O)c1ccccc1,[H:15][c:7]1[c:6]([c:5]([c:4]([c:9]([c:8]1[H:16])[H:17])[S:2](=[O:3])[C:1]([H:10])([H:11])[H:12])[H:13])[H:14]
12,0.08477520429164015,0.08477520429164015,resp2,,gas,PW6B95/cc-pV(D+d)Z,13,CS(=O)c1ccccc1,[H:15][c:7]1[c:6]([c:5]([c:4]([c:9]([c:8]1[H:16])[H:17])[S:2](=[O:3])[C:1]([H:10])([H:11])[H:12])[H:13])[H:14]
13,0.14916454871978224,0.14916454871978224,resp2,,gas,PW6B95/cc-pV(D+d)Z,14,CS(=O)c1ccccc1,[H:15][c:7]1[c:6]([c:5]([c:4]([c:9]([c:8]1[H:16])[H:17])[S:2](=[O:3])[C:1]([H:10])([H:11])[H:12])[H:13])[H:14]
14,0.11624602437067368,0.11624602437067368,resp2,,gas,PW6B95/cc-pV(D+d)Z,15,CS(=O)c1ccccc1,[H:15][c:7]1[c:6]([c:5]([c:4]([c:9]([c:8]1[H:16])[H:17])[S:2](=[O:3])[C:1]([H:10])([H:11])[H:12])[H:13])[H:14]
15,0.15322312041122388,0.15322312041122388,resp2,,gas,PW6B95/cc-pV(D+d)Z,16,CS(=O)c1ccccc1,[H:15][c:7]1[c:6]([c:5]([c:4]([c:9]([c:8]1[H:16])[H:17])[S:2](=[O:3])[C:1]([H:10])([H:11])[H:12])[H:13])[H:14]
16,0.06574268222040336,0.06574268222040336,resp2,,gas,PW6B95/cc-pV(D+d)Z,17,CS(=O)c1ccccc1,[H:15][c:7]1[c:6]([c:5]([c:4]([c:9]([c:8]1[H:16])[H:17])[S:2](=[O:3])[C:1]([H:10])([H:11])[H:12])[H:13])[H:14]
0,-0.3706674246015668,-0.3706674246015668,hf,1,water,PW6B95/cc-pV(D+d)Z,1,CS(=O)c1ccccc1,[H:15][c:7]1[c:6]([c:5]([c:4]([c:9]([c:8]1[H:16])[H:17])[S:2](=[O:3])[C:1]([H:10])([H:11])[H:12])[H:13])[H:14]
1,0.29967883587346367,0.29967883587346367,hf,1,water,PW6B95/cc-pV(D+d)Z,2,CS(=O)c1ccccc1,[H:15][c:7]1[c:6]([c:5]([c:4]([c:9]([c:8]1[H:16])[H:17])[S:2](=[O:3])[C:1]([H:10])([H:11])[H:12])[H:13])[H:14]
2,-0.48298015149463763,-0.48298015149463763,hf,1,water,PW6B95/cc-pV(D+d)Z,3,CS(=O)c1ccccc1,[H:15][c:7]1[c:6]([c:5]([c:4]([c:9]([c:8]1[H:16])[H:17])[S:2](=[O:3])[C:1]([H:10])([H:11])[H:12])[H:13])[H:14]
3,-0.08084523695836636,-0.08084523695836636,hf,1,water,PW6B95/cc-pV(D+d)Z,4,CS(=O)c1ccccc1,[H:15][c:7]1[c:6]([c:5]([c:4]([c:9]([c:8]1[H:16])[H:17])[S:2](=[O:3])[C:1]([H:10])([H:11])[H:12])[H:13])[H:14]
4,-0.0409844181051028,-0.0409844181051028,hf,1,water,PW6B95/cc-pV(D+d)Z,5,CS(=O)c1ccccc1,[H:15][c:7]1[c:6]([c:5]([c:4]([c:9]([c:8]1[H:16])[H:17])[S:2](=[O:3])[C:1]([H:10])([H:11])[H:12])[H:13])[H:14]
5,-0.18943028829791209,-0.18943028829791209,hf,1,water,PW6B95/cc-pV(D+d)Z,6,CS(=O)c1ccccc1,[H:15][c:7]1[c:6]([c:5]([c:4]([c:9]([c:8]1[H:16])[H:17])[S:2](=[O:3])[C:1]([H:10])([H:11])[H:12])[H:13])[H:14]
6,-0.06282795606709315,-0.06282795606709315,hf,1,water,PW6B95/cc-pV(D+d)Z,7,CS(=O)c1ccccc1,[H:15][c:7]1[c:6]([c:5]([c:4]([c:9]([c:8]1[H:16])[H:17])[S:2](=[O:3])[C:1]([H:10])([H:11])[H:12])[H:13])[H:14]
7,-0.2138768122845185,-0.2138768122845185,hf,1,water,PW6B95/cc-pV(D+d)Z,8,CS(=O)c1ccccc1,[H:15][c:7]1[c:6]([c:5]([c:4]([c:9]([c:8]1[H:16])[H:17])[S:2](=[O:3])[C:1]([H:10])([H:11])[H:12])[H:13])[H:14]
8,0.0023307895065253184,0.0023307895065253184,hf,1,water,PW6B95/cc-pV(D+d)Z,9,CS(=O)c1ccccc1,[H:15][c:7]1[c:6]([c:5]([c:4]([c:9]([c:8]1[H:16])[H:17])[S:2](=[O:3])[C:1]([H:10])([H:11])[H:12])[H:13])[H:14]
9,0.16347006430494895,0.16347006430494895,hf,1,water,PW6B95/cc-pV(D+d)Z,10,CS(=O)c1ccccc1,[H:15][c:7]1[c:6]([c:5]([c:4]([c:9]([c:8]1[H:16])[H:17])[S:2](=[O:3])[C:1]([H:10])([H:11])[H:12])[H:13])[H:14]
10,0.15992001100179748,0.15992001100179748,hf,1,water,PW6B95/cc-pV(D+d)Z,11,CS(=O)c1ccccc1,[H:15][c:7]1[c:6]([c:5]([c:4]([c:9]([c:8]1[H:16])[H:17])[S:2](=[O:3])[C:1]([H:10])([H:11])[H:12])[H:13])[H:14]
11,0.1633951581496528,0.1633951581496528,hf,1,water,PW6B95/cc-pV(D+d)Z,12,CS(=O)c1ccccc1,[H:15][c:7]1[c:6]([c:5]([c:4]([c:9]([c:8]1[H:16])[H:17])[S:2](=[O:3])[C:1]([H:10])([H:11])[H:12])[H:13])[H:14]
12,0.1206165368033357,0.1206165368033357,hf,1,water,PW6B95/cc-pV(D+d)Z,13,CS(=O)c1ccccc1,[H:15][c:7]1[c:6]([c:5]([c:4]([c:9]([c:8]1[H:16])[H:17])[S:2](=[O:3])[C:1]([H:10])([H:11])[H:12])[H:13])[H:14]
13,0.1492377907104697,0.1492377907104697,hf,1,water,PW6B95/cc-pV(D+d)Z,14,CS(=O)c1ccccc1,[H:15][c:7]1[c:6]([c:5]([c:4]([c:9]([c:8]1[H:16])[H:17])[S:2](=[O:3])[C:1]([H:10])([H:11])[H:12])[H:13])[H:14]
14,0.12833172061283393,0.12833172061283393,hf,1,water,PW6B95/cc-pV(D+d)Z,15,CS(=O)c1ccccc1,[H:15][c:7]1[c:6]([c:5]([c:4]([c:9]([c:8]1[H:16])[H:17])[S:2](=[O:3])[C:1]([H:10])([H:11])[H:12])[H:13])[H:14]
15,0.15420228205582168,0.15420228205582168,hf,1,water,PW6B95/cc-pV(D+d)Z,16,CS(=O)c1ccccc1,[H:15][c:7]1[c:6]([c:5]([c:4]([c:9]([c:8]1[H:16])[H:17])[S:2](=[O:3])[C:1]([H:10])([H:11])[H:12])[H:13])[H:14]
16,0.10478478797093627,0.10478478797093627,hf,1,water,PW6B95/cc-pV(D+d)Z,17,CS(=O)c1ccccc1,[H:15][c:7]1[c:6]([c:5]([c:4]([c:9]([c:8]1[H:16])[H:17])[S:2](=[O:3])[C:1]([H:10])([H:11])[H:12])[H:13])[H:14]
0,-0.3706674246514202,-0.3706674246514202,hf,,water,PW6B95/cc-pV(D+d)Z,1,CS(=O)c1ccccc1,[H:15][c:7]1[c:6]([c:5]([c:4]([c:9]([c:8]1[H:16])[H:17])[S:2](=[O:3])[C:1]([H:10])([H:11])[H:12])[H:13])[H:14]
1,0.29967883588392047,0.29967883588392047,hf,,water,PW6B95/cc-pV(D+d)Z,2,CS(=O)c1ccccc1,[H:15][c:7]1[c:6]([c:5]([c:4]([c:9]([c:8]1[H:16])[H:17])[S:2](=[O:3])[C:1]([H:10])([H:11])[H:12])[H:13])[H:14]
2,-0.48298015148703205,-0.48298015148703205,hf,,water,PW6B95/cc-pV(D+d)Z,3,CS(=O)c1ccccc1,[H:15][c:7]1[c:6]([c:5]([c:4]([c:9]([c:8]1[H:16])[H:17])[S:2](=[O:3])[C:1]([H:10])([H:11])[H:12])[H:13])[H:14]
3,-0.08084523699182308,-0.08084523699182308,hf,,water,PW6B95/cc-pV(D+d)Z,4,CS(=O)c1ccccc1,[H:15][c:7]1[c:6]([c:5]([c:4]([c:9]([c:8]1[H:16])[H:17])[S:2](=[O:3])[C:1]([H:10])([H:11])[H:12])[H:13])[H:14]
4,-0.040984417611070016,-0.040984417611070016,hf,,water,PW6B95/cc-pV(D+d)Z,5,CS(=O)c1ccccc1,[H:15][c:7]1[c:6]([c:5]([c:4]([c:9]([c:8]1[H:16])[H:17])[S:2](=[O:3])[C:1]([H:10])([H:11])[H:12])[H:13])[H:14]
5,-0.18943028856454455,-0.18943028856454455,hf,,water,PW6B95/cc-pV(D+d)Z,6,CS(=O)c1ccccc1,[H:15][c:7]1[c:6]([c:5]([c:4]([c:9]([c:8]1[H:16])[H:17])[S:2](=[O:3])[C:1]([H:10])([H:11])[H:12])[H:13])[H:14]
6,-0.06282795606193284,-0.06282795606193284,hf,,water,PW6B95/cc-pV(D+d)Z,7,CS(=O)c1ccccc1,[H:15][c:7]1[c:6]([c:5]([c:4]([c:9]([c:8]1[H:16])[H:17])[S:2](=[O:3])[C:1]([H:10])([H:11])[H:12])[H:13])[H:14]
7,-0.21387681204205644,-0.21387681204205644,hf,,water,PW6B95/cc-pV(D+d)Z,8,CS(=O)c1ccccc1,[H:15][c:7]1[c:6]([c:5]([c:4]([c:9]([c:8]1[H:16])[H:17])[S:2](=[O:3])[C:1]([H:10])([H:11])[H:12])[H:13])[H:14]
8,0.0023307890575132353,0.0023307890575132353,hf,,water,PW6B95/cc-pV(D+d)Z,9,CS(=O)c1ccccc1,[H:15][c:7]1[c:6]([c:5]([c:4]([c:9]([c:8]1[H:16])[H:17])[S:2](=[O:3])[C:1]([H:10])([H:11])[H:12])[H:13])[H:14]
9,0.16347006436384479,0.16347006436384479,hf,,water,PW6B95/cc-pV(D+d)Z,10,CS(=O)c1ccccc1,[H:15][c:7]1[c:6]([c:5]([c:4]([c:9]([c:8]1[H:16])[H:17])[S:2](=[O:3])[C:1]([H:10])([H:11])[H:12])[H:13])[H:14]
10,0.15992001104108955,0.15992001104108955,hf,,water,PW6B95/cc-pV(D+d)Z,11,CS(=O)c1ccccc1,[H:15][c:7]1[c:6]([c:5]([c:4]([c:9]([c:8]1[H:16])[H:17])[S:2](=[O:3])[C:1]([H:10])([H:11])[H:12])[H:13])[H:14]
11,0.1633951580955017,0.1633951580955017,hf,,water,PW6B95/cc-pV(D+d)Z,12,CS(=O)c1ccccc1,[H:15][c:7]1[c:6]([c:5]([c:4]([c:9]([c:8]1[H:16])[H:17])[S:2](=[O:3])[C:1]([H:10])([H:11])[H:12])[H:13])[H:14]
12,0.12061653661749713,0.12061653661749713,hf,,water,PW6B95/cc-pV(D+d)Z,13,CS(=O)c1ccccc1,[H:15][c:7]1[c:6]([c:5]([c:4]([c:9]([c:8]1[H:16])[H:17])[S:2](=[O:3])[C:1]([H:10])([H:11])[H:12])[H:13])[H:14]
13,0.14923779076411997,0.14923779076411997,hf,,water,PW6B95/cc-pV(D+d)Z,14,CS(=O)c1ccccc1,[H:15][c:7]1[c:6]([c:5]([c:4]([c:9]([c:8]1[H:16])[H:17])[S:2](=[O:3])[C:1]([H:10])([H:11])[H:12])[H:13])[H:14]
14,0.12833172061357465,0.12833172061357465,hf,,water,PW6B95/cc-pV(D+d)Z,15,CS(=O)c1ccccc1,[H:15][c:7]1[c:6]([c:5]([c:4]([c:9]([c:8]1[H:16])[H:17])[S:2](=[O:3])[C:1]([H:10])([H:11])[H:12])[H:13])[H:14]
15,0.15420228200914146,0.15420228200914146,hf,,water,PW6B95/cc-pV(D+d)Z,16,CS(=O)c1ccccc1,[H:15][c:7]1[c:6]([c:5]([c:4]([c:9]([c:8]1[H:16])[H:17])[S:2](=[O:3])[C:1]([H:10])([H:11])[H:12])[H:13])[H:14]
16,0.10478478814449134,0.10478478814449134,hf,,water,PW6B95/cc-pV(D+d)Z,17,CS(=O)c1ccccc1,[H:15][c:7]1[c:6]([c:5]([c:4]([c:9]([c:8]1[H:16])[H:17])[S:2](=[O:3])[C:1]([H:10])([H:11])[H:12])[H:13])[H:14]
0,-0.4454252545883329,-0.4454252545883329,resp2,1,water,PW6B95/cc-pV(D+d)Z,1,CS(=O)c1ccccc1,[H:15][c:7]1[c:6]([c:5]([c:4]([c:9]([c:8]1[H:16])[H:17])[S:2](=[O:3])[C:1]([H:10])([H:11])[H:12])[H:13])[H:14]
1,0.3196729281577777,0.3196729281577777,resp2,1,water,PW6B95/cc-pV(D+d)Z,2,CS(=O)c1ccccc1,[H:15][c:7]1[c:6]([c:5]([c:4]([c:9]([c:8]1[H:16])[H:17])[S:2](=[O:3])[C:1]([H:10])([H:11])[H:12])[H:13])[H:14]
2,-0.48274399572865323,-0.48274399572865323,resp2,1,water,PW6B95/cc-pV(D+d)Z,3,CS(=O)c1ccccc1,[H:15][c:7]1[c:6]([c:5]([c:4]([c:9]([c:8]1[H:16])[H:17])[S:2](=[O:3])[C:1]([H:10])([H:11])[H:12])[H:13])[H:14]
3,-0.12207438271676364,-0.12207438271676364,resp2,1,water,PW6B95/cc-pV(D+d)Z,4,CS(=O)c1ccccc1,[H:15][c:7]1[c:6]([c:5]([c:4]([c:9]([c:8]1[H:16])[H:17])[S:2](=[O:3])[C:1]([H:10])([H:11])[H:12])[H:13])[H:14]
4,-0.02075441793214239,-0.02075441793214239,resp2,1,water,PW6B95/cc-pV(D+d)Z,5,CS(=O)c1ccccc1,[H:15][c:7]1[c:6]([c:5]([c:4]([c:9]([c:8]1[H:16])[H:17])[S:2](=[O:3])[C:1]([H:10])([H:11])[H:12])[H:13])[H:14]
5,-0.20761789026604066,-0.20761789026604066,resp2,1,water,PW6B95/cc-pV(D+d)Z,6,CS(=O)c1ccccc1,[H:15][c:7]1[c:6]([c:5]([c:4]([c:9]([c:8]1[H:16])[H:17])[S:2](=[O:3])[C:1]([H:10])([H:11])[H:12])[H:13])[H:14]
6,-0.05566389670764007,-0.05566389670764007,resp2,1,water,PW6B95/cc-pV(D+d)Z,7,CS(=O)c1ccccc1,[H:15][c:7]1[c:6]([c:5]([c:4]([c:9]([c:8]1[H:16])[H:17])[S:2](=[O:3])[C:1]([H:10])([H:11])[H:12])[H:13])[H:14]
7,-0.23497891131528195,-0.23497891131528195,resp2,1,water,PW6B95/cc-pV(D+d)Z,8,CS(=O)c1ccccc1,[H:15][c:7]1[c:6]([c:5]([c:4]([c:9]([c:8]1[H:16])[H:17])[S:2](=[O:3])[C:1]([H:10])([H:11])[H:12])[H:13])[H:14]
8,0.031117516224263283,0.031117516224263283,resp2,1,water,PW6B95/cc-pV(D+d)Z,9,CS(=O)c1ccccc1,[H:15][c:7]1[c:6]([c:5]([c:4]([c:9]([c:8]1[H:16])[H:17])[S:2](=[O:3])[C:1]([H:10])([H:11])[H:12])[H:13])[H:14]
9,0.18484871608408238,0.18484871608408238,resp2,1,water,PW6B95/cc-pV(D+d)Z,10,CS(=O)c1ccccc1,[H:15][c:7]1[c:6]([c:5]([c:4]([c:9]([c:8]1[H:16])[H:17])[S:2](=[O:3])[C:1]([H:10])([H:11])[H:12])[H:13])[H:14]
10,0.18161160073120683,0.18161160073120683,resp2,1,water,PW6B95/cc-pV(D+d)Z,11,CS(=O)c1ccccc1,[H:15][c:7]1[c:6]([c:5]([c:4]([c:9]([c:8]1[H:16])[H:17])[S:2](=[O:3])[C:1]([H:10])([H:11])[H:12])[H:13])[H:14]
11,0.1846583101652659,0.1846583101652659,resp2,1,water,PW6B95/cc-pV(D+d)Z,12,CS(=O)c1ccccc1,[H:15][c:7]1[c:6]([c:5]([c:4]([c:9]([c:8]1[H:16])[H:17])[S:2](=[O:3])[C:1]([H:10])([H:11])[H:12])[H:13])[H:14]
12,0.12160654251000338,0.12160654251000338,resp2,1,water,PW6B95/cc-pV(D+d)Z,13,CS(=O)c1ccccc1,[H:15][c:7]1[c:6]([c:5]([c:4]([c:9]([c:8]1[H:16])[H:17])[S:2](=[O:3])[C:1]([H:10])([H:11])[H:12])[H:13])[H:14]
13,0.1547365956903478,0.1547365956903478,resp2,1,water,PW6B95/cc-pV(D+d)Z,14,CS(=O)c1ccccc1,[H:15][c:7]1[c:6]([c:5]([c:4]([c:9]([c:8]1[H:16])[H:17])[S:2](=[O:3])[C:1]([H:10])([H:11])[H:12])[H:13])[H:14]
14,0.13186302621224086,0.13186302621224086,resp2,1,water,PW6B95/cc-pV(D+d)Z,15,CS(=O)c1ccccc1,[H:15][c:7]1[c:6]([c:5]([c:4]([c:9]([c:8]1[H:16])[H:17])[S:2](=[O:3])[C:1]([H:10])([H:11])[H:12])[H:13])[H:14]
15,0.15973824574575454,0.15973824574575454,resp2,1,water,PW6B95/cc-pV(D+d)Z,16,CS(=O)c1ccccc1,[H:15][c:7]1[c:6]([c:5]([c:4]([c:9]([c:8]1[H:16])[H:17])[S:2](=[O:3])[C:1]([H:10])([H:11])[H:12])[H:13])[H:14]
16,0.10253366999175237,0.10253366999175237,resp2,1,water,PW6B95/cc-pV(D+d)Z,17,CS(=O)c1ccccc1,[H:15][c:7]1[c:6]([c:5]([c:4]([c:9]([c:8]1[H:16])[H:17])[S:2](=[O:3])[C:1]([H:10])([H:11])[H:12])[H:13])[H:14]
0,-0.4454252546477853,-0.4454252546477853,resp2,,water,PW6B95/cc-pV(D+d)Z,1,CS(=O)c1ccccc1,[H:15][c:7]1[c:6]([c:5]([c:4]([c:9]([c:8]1[H:16])[H:17])[S:2](=[O:3])[C:1]([H:10])([H:11])[H:12])[H:13])[H:14]
1,0.31967292816667303,0.31967292816667303,resp2,,water,PW6B95/cc-pV(D+d)Z,2,CS(=O)c1ccccc1,[H:15][c:7]1[c:6]([c:5]([c:4]([c:9]([c:8]1[H:16])[H:17])[S:2](=[O:3])[C:1]([H:10])([H:11])[H:12])[H:13])[H:14]
2,-0.4827439957217782,-0.4827439957217782,resp2,,water,PW6B95/cc-pV(D+d)Z,3,CS(=O)c1ccccc1,[H:15][c:7]1[c:6]([c:5]([c:4]([c:9]([c:8]1[H:16])[H:17])[S:2](=[O:3])[C:1]([H:10])([H:11])[H:12])[H:13])[H:14]
3,-0.12207438273304122,-0.12207438273304122,resp2,,water,PW6B95/cc-pV(D+d)Z,4,CS(=O)c1ccccc1,[H:15][c:7]1[c:6]([c:5]([c:4]([c:9]([c:8]1[H:16])[H:17])[S:2](=[O:3])[C:1]([H:10])([H:11])[H:12])[H:13])[H:14]
4,-0.020754417356149912,-0.020754417356149912,resp2,,water,PW6B95/cc-pV(D+d)Z,5,CS(=O)c1ccccc1,[H:15][c:7]1[c:6]([c:5]([c:4]([c:9]([c:8]1[H:16])[H:17])[S:2](=[O:3])[C:1]([H:10])([H:11])[H:12])[H:13])[H:14]
5,-0.20761789056209484,-0.20761789056209484,resp2,,water,PW6B95/cc-pV(D+d)Z,6,CS(=O)c1ccccc1,[H:15][c:7]1[c:6]([c:5]([c:4]([c:9]([c:8]1[H:16])[H:17])[S:2](=[O:3])[C:1]([H:10])([H:11])[H:12])[H:13])[H:14]
6,-0.05566389671394363,-0.05566389671394363,resp2,,water,PW6B95/cc-pV(D+d)Z,7,CS(=O)c1ccccc1,[H:15][c:7]1[c:6]([c:5]([c:4]([c:9]([c:8]1[H:16])[H:17])[S:2](=[O:3])[C:1]([H:10])([H:11])[H:12])[H:13])[H:14]
7,-0.23497891101000826,-0.23497891101000826,resp2,,water,PW6B95/cc-pV(D+d)Z,8,CS(=O)c1ccccc1,[H:15][c:7]1[c:6]([c:5]([c:4]([c:9]([c:8]1[H:16])[H:17])[S:2](=[O:3])[C:1]([H:10])([H:11])[H:12])[H:13])[H:14]
8,0.031117515665786896,0.031117515665786896,resp2,,water,PW6B95/cc-pV(D+d)Z,9,CS(=O)c1ccccc1,[H:15][c:7]1[c:6]([c:5]([c:4]([c:9]([c:8]1[H:16])[H:17])[S:2](=[O:3])[C:1]([H:10])([H:11])[H:12])[H:13])[H:14]
9,0.18484871614165213,0.18484871614165213,resp2,,water,PW6B95/cc-pV(D+d)Z,10,CS(=O)c1ccccc1,[H:15][c:7]1[c:6]([c:5]([c:4]([c:9]([c:8]1[H:16])[H:17])[S:2](=[O:3])[C:1]([H:10])([H:11])[H:12])[H:13])[H:14]
10,0.18161160077003957,0.18161160077003957,resp2,,water,PW6B95/cc-pV(D+d)Z,11,CS(=O)c1ccccc1,[H:15][c:7]1[c:6]([c:5]([c:4]([c:9]([c:8]1[H:16])[H:17])[S:2](=[O:3])[C:1]([H:10])([H:11])[H:12])[H:13])[H:14]
11,0.18465831012004585,0.18465831012004585,resp2,,water,PW6B95/cc-pV(D+d)Z,12,CS(=O)c1ccccc1,[H:15][c:7]1[c:6]([c:5]([c:4]([c:9]([c:8]1[H:16])[H:17])[S:2](=[O:3])[C:1]([H:10])([H:11])[H:12])[H:13])[H:14]
12,0.12160654229153423,0.12160654229153423,resp2,,water,PW6B95/cc-pV(D+d)Z,13,CS(=O)c1ccccc1,[H:15][c:7]1[c:6]([c:5]([c:4]([c:9]([c:8]1[H:16])[H:17])[S:2](=[O:3])[C:1]([H:10])([H:11])[H:12])[H:13])[H:14]
13,0.1547365957452988,0.1547365957452988,resp2,,water,PW6B95/cc-pV(D+d)Z,14,CS(=O)c1ccccc1,[H:15][c:7]1[c:6]([c:5]([c:4]([c:9]([c:8]1[H:16])[H:17])[S:2](=[O:3])[C:1]([H:10])([H:11])[H:12])[H:13])[H:14]
14,0.1318630262129958,0.1318630262129958,resp2,,water,PW6B95/cc-pV(D+d)Z,15,CS(=O)c1ccccc1,[H:15][c:7]1[c:6]([c:5]([c:4]([c:9]([c:8]1[H:16])[H:17])[S:2](=[O:3])[C:1]([H:10])([H:11])[H:12])[H:13])[H:14]
15,0.1597382456884842,0.1597382456884842,resp2,,water,PW6B95/cc-pV(D+d)Z,16,CS(=O)c1ccccc1,[H:15][c:7]1[c:6]([c:5]([c:4]([c:9]([c:8]1[H:16])[H:17])[S:2](=[O:3])[C:1]([H:10])([H:11])[H:12])[H:13])[H:14]
16,0.1025336702003038,0.1025336702003038,resp2,,water,PW6B95/cc-pV(D+d)Z,17,CS(=O)c1ccccc1,[H:15][c:7]1[c:6]([c:5]([c:4]([c:9]([c:8]1[H:16])[H:17])[S:2](=[O:3])[C:1]([H:10])([H:11])[H:12])[H:13])[H:14]
